{"stats":{"minecraft:used":{"minecraft:stone_pickaxe":40,"minecraft:baked_potato":1,"minecraft:oak_planks":37,"minecraft:spruce_planks":54,"minecraft:wooden_pickaxe":13,"minecraft:netherrack":2,"minecraft:torch":8,"minecraft:mossy_cobblestone":1,"minecraft:dirt":3,"minecraft:sand":2,"luminousworld:white_petunias":1,"minecraft:crafting_table":3,"minecraft:carrot":1,"minecraft:purple_terracotta":3,"minecraft:white_bed":1,"minecraft:cod":2,"minecraft:spruce_fence":1,"born_in_chaos_v1:monster_flesh":1,"minecraft:bread":12,"minecraft:iron_pickaxe":13,"iceandfire:graveyard_soil":1,"minecraft:gravel":1,"minecraft:stone_axe":53,"minecraft:sweet_berries":1,"minecraft:furnace":3,"minecraft:cooked_cod":1,"tombstone:gift":2,"minecraft:skeleton_skull":1},"minecraft:mined":{"iceandfire:graveyard_soil":1,"luminousworld:grassvariant_4":4,"minecraft:glow_lichen":2,"minecraft:crafting_table":2,"minecraft:torch":4,"minecraft:purple_terracotta":4,"minecraft:grass_block":2,"minecraft:mushroom_stem":1,"luminousworld:grassvariant_2":2,"minecraft:tall_grass":3,"minecraft:cobblestone":10,"minecraft:spruce_leaves":8,"minecraft:oak_planks":1,"minecraft:sugar_cane":3,"placeablesmod:bread_full_block":1,"minecraft:wall_torch":4,"supplementaries:urn":3,"luminousworld:whiteoaklog":13,"minecraft:furnace":3,"minecraft:carrots":1,"minecraft:iron_ore":4,"minecraft:sweet_berry_bush":1,"minecraft:wheat":11,"minecraft:gold_block":2,"minecraft:grass":9,"minecraft:potatoes":1,"minecraft:oak_log":7,"minecraft:coal_ore":12,"iceandfire:gold_pile":6,"minecraft:vine":3,"minecraft:gravel":2,"luminousworld:groundpebbles_2":1,"minecraft:stone":15,"luminousworld:decorative_brown_2":1,"minecraft:netherrack":2,"minecraft:oak_leaves":7},"minecraft:picked_up":{"born_in_chaos_v1:fused_bone":2,"luminousworld:groundpebbles_1":1,"minecraft:crafting_table":2,"minecraft:iron_chestplate":1,"minecraft:wheat":11,"luminousworld:decorative_brown_2":1,"born_in_chaos_v1:monster_flesh":1,"minecraft:potato":1,"minecraft:gold_block":2,"minecraft:oak_log":10,"minecraft:dirt":3,"minecraft:string":1,"minecraft:bone":2,"iceandfire:graveyard_soil":1,"minecraft:wheat_seeds":33,"minecraft:gold_nugget":16,"minecraft:spruce_planks":8,"minecraft:iron_ingot":1,"luminousworld:white_petunias":1,"minecraft:sugar_cane":5,"minecraft:oak_planks":1,"minecraft:furnace":3,"minecraft:stick":5,"minecraft:raw_iron":4,"luminousworld:clovers_1":1,"minecraft:sweet_berries":1,"minecraft:copper_ingot":1,"minecraft:torch":10,"minecraft:acacia_log":1,"minecraft:gravel":1,"minecraft:spruce_fence":1,"minecraft:sand":2,"tombstone:grave_dust":2,"minecraft:white_bed":1,"minecraft:spruce_log":35,"minecraft:carrot":1,"minecraft:mossy_cobblestone":1,"minecraft:purple_terracotta":4,"luminousworld:whiteoaklog":11,"minecraft:arrow":2,"minecraft:rotten_flesh":5,"minecraft:iron_helmet":1,"minecraft:bread":9,"supplementaries:ash":14,"minecraft:oak_sapling":3,"minecraft:netherrack":2,"minecraft:coal":17,"minecraft:skeleton_skull":2,"minecraft:cobblestone":21},"minecraft:killed_by":{"undead_revamp2:the_moonflower":1,"enemyexpansion:wasp":1,"born_in_chaos_v1:corpse_fish":1,"minecraft:drowned":1,"iceandfire:fire_dragon":3},"minecraft:crafted":{"minecraft:cooked_cod":1,"minecraft:oak_planks":40,"minecraft:crafting_table":2,"minecraft:spruce_planks":140,"minecraft:baked_potato":1,"minecraft:wooden_pickaxe":1,"minecraft:furnace":1,"minecraft:stone_axe":2,"minecraft:bread":3,"minecraft:air":0,"minecraft:stick":8,"luminousworld:white_oak_plank":44,"minecraft:iron_ingot":4,"minecraft:iron_pickaxe":1,"minecraft:stone_pickaxe":1,"minecraft:torch":4},"minecraft:dropped":{"minecraft:wheat_seeds":33,"alexsmobs:animal_dictionary":1,"minecraft:rotten_flesh":5,"minecraft:spruce_planks":64,"minecraft:skeleton_skull":1,"born_in_chaos_v1:fused_bone":2,"minecraft:string":1,"luminousworld:decorative_brown_2":1,"luminousworld:clovers_1":1,"minecraft:bone":2},"minecraft:custom":{"minecraft:interact_with_furnace":13,"minecraft:mob_kills":6,"minecraft:interact_with_crafting_table":10,"minecraft:open_barrel":3,"minecraft:leave_game":4,"minecraft:time_since_death":46,"minecraft:sleep_in_bed":4,"minecraft:climb_one_cm":21884,"minecraft:time_since_rest":1,"minecraft:sprint_one_cm":160602,"minecraft:damage_taken":3043,"minecraft:walk_one_cm":130668,"minecraft:trigger_trapped_chest":2,"minecraft:drop":11,"minecraft:damage_dealt":1180,"minecraft:swim_one_cm":62353,"minecraft:fly_one_cm":212106,"minecraft:talked_to_villager":1,"minecraft:open_chest":17,"minecraft:play_time":57594,"minecraft:crouch_one_cm":11024,"minecraft:sneak_time":2720,"tombstone:undead_killed":4,"minecraft:deaths":9,"minecraft:walk_under_water_one_cm":13111,"minecraft:jump":1492,"minecraft:walk_on_water_one_cm":15952,"minecraft:total_world_time":57594,"minecraft:fall_one_cm":41191},"minecraft:killed":{"born_in_chaos_v1:zombie_lumberjack":1,"minecraft:skeleton":1,"minecraft:zombie":2,"alexsmobs:terrapin":1,"enemyexpansion:wasp":1}},"DataVersion":3465}