{"stats":{"minecraft:killed":{"born_in_chaos_v1:baby_skeleton_minion":1,"minecraft:skeleton":6,"minecraft:husk":20,"minecraft:pig":2,"enemyexpansion:botfly":1},"minecraft:mined":{"luminousworld:groundpebbles_1":1,"minecraft:spruce_planks":1,"minecraft:yellow_wall_banner":1,"luminousworld:blueberry_stage_1":2,"luminousworld:mossbuds_1":2,"minecraft:granite":1,"minecraft:grass_block":6,"luminousworld:mossbuds_2":5,"minecraft:coal_block":3,"minecraft:spruce_leaves":14,"minecraft:spawner":2,"minecraft:large_fern":3,"minecraft:hay_block":6,"minecraft:furnace":1,"minecraft:bookshelf":4,"minecraft:smooth_quartz_stairs":1,"luminousworld:groundpebbles_2":10,"minecraft:stone":16,"minecraft:stripped_mangrove_wood":10,"minecraft:brown_mushroom":7,"luminousworld:blueberrybush":6,"minecraft:crafting_table":4,"minecraft:torch":4,"minecraft:blast_furnace":6,"minecraft:calcite":6,"luminousworld:spuds":2,"minecraft:rose_bush":2,"placeablesmod:bread_full_block":3,"minecraft:wall_torch":1,"minecraft:black_stained_glass":2,"minecraft:purple_bed":2,"minecraft:red_candle":1,"placeablesmod:cooked_pork_block":1,"minecraft:sweet_berry_bush":5,"minecraft:spruce_log":10,"minecraft:mangrove_planks":2,"minecraft:yellow_bed":1,"minecraft:grass":4,"minecraft:oak_log":1,"minecraft:coal_ore":9,"minecraft:cyan_carpet":8,"minecraft:fern":7},"minecraft:killed_by":{"minecraft:skeleton":1,"undead_revamp2:thepregnant":1,"born_in_chaos_v1:maggot":1},"minecraft:crafted":{"minecraft:oak_planks":8,"minecraft:furnace":1,"minecraft:iron_axe":1,"minecraft:stone_pickaxe":1,"minecraft:wheat":54,"minecraft:cooked_porkchop":5,"minecraft:crafting_table":2,"minecraft:spruce_planks":40,"minecraft:wooden_pickaxe":1,"minecraft:mangrove_planks":40,"minecraft:stone_axe":1,"minecraft:air":0,"minecraft:bread":18,"minecraft:golden_apple":2,"minecraft:shield":1,"minecraft:stick":16,"minecraft:wooden_axe":2,"minecraft:stone_sword":1,"minecraft:torch":4},"minecraft:dropped":{"minecraft:wheat_seeds":1,"minecraft:glass_bottle":1,"luminousworld:spuds":1,"minecraft:item_frame":2,"minecraft:torch":1,"minecraft:rose_bush":1,"minecraft:potion":1,"minecraft:iron_axe":1,"minecraft:chainmail_leggings":1,"quark:black_shard":7,"minecraft:coarse_dirt":1,"minecraft:rotten_flesh":14,"minecraft:chainmail_chestplate":1,"minecraft:blast_furnace":5,"luminousworld:groundpebbles_1":11,"minecraft:birch_door":1,"minecraft:calcite":2},"minecraft:custom":{"minecraft:mob_kills":32,"minecraft:interact_with_anvil":1,"minecraft:interact_with_crafting_table":15,"minecraft:open_barrel":12,"minecraft:damage_dealt_resisted":20,"minecraft:eat_cake_slice":11,"minecraft:leave_game":1,"minecraft:time_since_death":12145,"minecraft:climb_one_cm":5919,"minecraft:damage_resisted":57,"minecraft:sprint_one_cm":159529,"minecraft:walk_one_cm":187034,"minecraft:drop":40,"minecraft:play_noteblock":1,"minecraft:play_time":49638,"minecraft:deaths":3,"minecraft:sneak_time":3518,"minecraft:walk_under_water_one_cm":367,"minecraft:jump":775,"minecraft:interact_with_blast_furnace":2,"minecraft:walk_on_water_one_cm":2159,"minecraft:total_world_time":49638,"minecraft:interact_with_furnace":7,"minecraft:interact_with_loom":1,"minecraft:time_since_rest":11577,"minecraft:damage_taken":3050,"minecraft:damage_dealt":9081,"minecraft:swim_one_cm":3497,"minecraft:fly_one_cm":109166,"minecraft:open_chest":6,"minecraft:crouch_one_cm":13487,"tombstone:undead_killed":27,"minecraft:interact_with_smoker":1,"minecraft:fall_one_cm":13105},"minecraft:used":{"minecraft:azalea":1,"luminousworld:spuds":1,"minecraft:rose_bush":1,"minecraft:stone_sword":116,"minecraft:spruce_planks":11,"minecraft:torch":6,"minecraft:dirt":3,"minecraft:granite":3,"minecraft:nether_brick_stairs":1,"minecraft:wooden_axe":62,"luminousworld:blueberry":3,"minecraft:iron_axe":1,"minecraft:red_candle":3,"minecraft:sweet_berries":4,"minecraft:furnace":1,"tombstone:gift":4,"minecraft:iron_leggings":1,"minecraft:gray_carpet":1,"minecraft:stone_pickaxe":37,"minecraft:mangrove_planks":22,"minecraft:wooden_pickaxe":13,"minecraft:smooth_quartz_stairs":1,"minecraft:crafting_table":7,"minecraft:mushroom_stew":3,"minecraft:cake":2,"tombstone:bag_of_seeds":1,"minecraft:apple":5,"minecraft:cyan_bed":1,"minecraft:bread":18,"minecraft:cyan_carpet":8,"minecraft:stone_axe":70,"minecraft:potion":3,"minecraft:cooked_porkchop":5,"minecraft:pumpkin_pie":5},"minecraft:broken":{"minecraft:stone_sword":1,"minecraft:stone_axe":1,"minecraft:wooden_axe":2},"minecraft:picked_up":{"minecraft:crafting_table":5,"luminousworld:groundpebbles_1":11,"minecraft:birch_door":1,"minecraft:coarse_dirt":1,"minecraft:brown_mushroom":6,"minecraft:wooden_pickaxe":1,"minecraft:iron_axe":1,"minecraft:iron_leggings":1,"minecraft:armor_stand":2,"minecraft:item_frame":2,"minecraft:red_candle":3,"minecraft:cyan_carpet":9,"minecraft:spruce_planks":1,"minecraft:rose_bush":2,"minecraft:calcite":2,"minecraft:azalea":1,"quark:black_shard":7,"minecraft:coal_block":3,"minecraft:smooth_quartz_stairs":1,"minecraft:furnace":1,"minecraft:stick":2,"luminousworld:spuds":2,"minecraft:stripped_mangrove_wood":10,"minecraft:big_dripleaf":3,"minecraft:torch":5,"minecraft:porkchop":5,"tombstone:grave_dust":5,"minecraft:yellow_banner":1,"minecraft:stone_sword":1,"minecraft:arrow":8,"minecraft:rotten_flesh":17,"minecraft:pumpkin_pie":4,"minecraft:hay_block":6,"minecraft:glistering_melon_slice":1,"minecraft:cobblestone":16,"born_in_chaos_v1:corpse_maggot":1,"minecraft:leather_chestplate":1,"minecraft:mushroom_stew":1,"minecraft:oak_log":2,"minecraft:chainmail_chestplate":1,"minecraft:dirt":5,"minecraft:bone":8,"minecraft:gray_carpet":1,"minecraft:wheat_seeds":1,"minecraft:iron_ingot":9,"tombstone:bag_of_seeds":1,"minecraft:glass_bottle":3,"minecraft:mangrove_planks":2,"minecraft:book":12,"minecraft:cooked_porkchop":2,"minecraft:sweet_berries":3,"minecraft:nether_brick_stairs":1,"minecraft:blast_furnace":6,"minecraft:spruce_log":10,"minecraft:cyan_bed":1,"minecraft:leather_helmet":1,"minecraft:bundle":1,"minecraft:chainmail_leggings":1,"luminousworld:blueberry":6,"minecraft:granite":3,"minecraft:bread":2,"tombstone:magic_scroll":1,"minecraft:coal":10}},"DataVersion":3465}