{"stats":{"minecraft:crafted":{"minecraft:oak_planks":8,"minecraft:crafting_table":2,"minecraft:spruce_planks":140,"minecraft:wooden_pickaxe":1,"minecraft:furnace":1,"minecraft:stone_axe":2,"minecraft:bread":3,"minecraft:air":0,"minecraft:stick":8,"minecraft:iron_pickaxe":1,"minecraft:iron_ingot":4,"minecraft:stone_pickaxe":1,"minecraft:torch":4},"minecraft:custom":{"minecraft:interact_with_furnace":6,"minecraft:mob_kills":5,"minecraft:interact_with_crafting_table":10,"minecraft:leave_game":2,"minecraft:time_since_death":14230,"minecraft:sleep_in_bed":2,"minecraft:climb_one_cm":21884,"minecraft:time_since_rest":6003,"minecraft:sprint_one_cm":107416,"minecraft:damage_taken":1567,"minecraft:walk_one_cm":83492,"minecraft:trigger_trapped_chest":2,"minecraft:drop":7,"minecraft:damage_dealt":824,"minecraft:swim_one_cm":38414,"minecraft:talked_to_villager":1,"minecraft:fly_one_cm":129850,"minecraft:open_chest":13,"minecraft:crouch_one_cm":6408,"minecraft:play_time":38007,"tombstone:undead_killed":4,"minecraft:deaths":4,"minecraft:sneak_time":1623,"minecraft:walk_under_water_one_cm":10815,"minecraft:jump":826,"minecraft:walk_on_water_one_cm":9291,"minecraft:total_world_time":38007,"minecraft:fall_one_cm":25351},"minecraft:mined":{"iceandfire:graveyard_soil":1,"luminousworld:grassvariant_4":1,"minecraft:torch":1,"minecraft:crafting_table":2,"minecraft:glow_lichen":2,"luminousworld:grassvariant_2":1,"minecraft:tall_grass":3,"minecraft:cobblestone":10,"minecraft:spruce_leaves":8,"placeablesmod:bread_full_block":1,"minecraft:sugar_cane":3,"minecraft:wall_torch":2,"supplementaries:urn":3,"luminousworld:whiteoaklog":13,"minecraft:furnace":1,"minecraft:carrots":1,"minecraft:iron_ore":4,"minecraft:wheat":11,"minecraft:grass":4,"minecraft:coal_ore":10,"minecraft:vine":3,"minecraft:potatoes":1,"minecraft:oak_log":7,"iceandfire:gold_pile":6,"minecraft:gravel":2,"luminousworld:groundpebbles_2":1,"luminousworld:decorative_brown_2":1,"minecraft:stone":15,"minecraft:oak_leaves":4},"minecraft:killed":{"born_in_chaos_v1:zombie_lumberjack":1,"minecraft:skeleton":1,"minecraft:zombie":2,"alexsmobs:terrapin":1},"minecraft:dropped":{"minecraft:wheat_seeds":33,"minecraft:skeleton_skull":1,"born_in_chaos_v1:fused_bone":2,"minecraft:string":1,"luminousworld:decorative_brown_2":1,"minecraft:bone":2},"minecraft:killed_by":{"undead_revamp2:the_moonflower":1,"born_in_chaos_v1:corpse_fish":1,"iceandfire:fire_dragon":1},"minecraft:used":{"minecraft:stone_pickaxe":40,"minecraft:spruce_planks":54,"minecraft:wooden_pickaxe":13,"minecraft:torch":3,"minecraft:mossy_cobblestone":1,"minecraft:sand":2,"luminousworld:white_petunias":1,"minecraft:crafting_table":3,"minecraft:carrot":1,"minecraft:spruce_fence":1,"born_in_chaos_v1:monster_flesh":1,"minecraft:bread":11,"minecraft:iron_pickaxe":1,"iceandfire:graveyard_soil":1,"minecraft:gravel":1,"minecraft:stone_axe":46,"minecraft:furnace":1,"tombstone:gift":2,"minecraft:skeleton_skull":1},"minecraft:picked_up":{"born_in_chaos_v1:fused_bone":2,"luminousworld:groundpebbles_1":1,"minecraft:iron_chestplate":1,"minecraft:crafting_table":2,"minecraft:wheat":11,"luminousworld:decorative_brown_2":1,"born_in_chaos_v1:monster_flesh":1,"minecraft:potato":1,"minecraft:oak_log":10,"minecraft:string":1,"minecraft:dirt":1,"minecraft:bone":2,"iceandfire:graveyard_soil":1,"minecraft:wheat_seeds":33,"minecraft:gold_nugget":16,"minecraft:spruce_planks":8,"minecraft:iron_ingot":1,"luminousworld:white_petunias":1,"minecraft:sugar_cane":5,"minecraft:furnace":1,"minecraft:raw_iron":4,"minecraft:stick":4,"luminousworld:clovers_1":1,"minecraft:torch":5,"minecraft:acacia_log":1,"minecraft:gravel":1,"minecraft:spruce_fence":1,"minecraft:sand":2,"tombstone:grave_dust":1,"minecraft:carrot":1,"minecraft:spruce_log":35,"minecraft:mossy_cobblestone":1,"luminousworld:whiteoaklog":11,"minecraft:arrow":2,"minecraft:rotten_flesh":2,"minecraft:iron_helmet":1,"minecraft:bread":9,"supplementaries:ash":14,"minecraft:oak_sapling":3,"minecraft:coal":15,"minecraft:skeleton_skull":2,"minecraft:cobblestone":19}},"DataVersion":3465}