{"stats":{"minecraft:killed_by":{"undead_revamp2:the_moonflower":1,"enemyexpansion:trollenraged":1,"illagerinvasion:basher":1,"minecraft:drowned":1,"minecraft:vindicator":1,"minecraft:cave_spider":1,"enemyexpansion:wasp":1,"born_in_chaos_v1:corpse_fish":1,"iceandfire:fire_dragon":4,"enemyexpansion:invisicreeper":2,"minecraft:vex":6},"minecraft:custom":{"minecraft:mob_kills":34,"minecraft:interact_with_crafting_table":19,"minecraft:open_barrel":12,"minecraft:damage_dealt_resisted":14,"minecraft:leave_game":5,"minecraft:time_since_death":7770,"minecraft:climb_one_cm":42142,"minecraft:sprint_one_cm":358301,"minecraft:walk_one_cm":304355,"minecraft:damage_blocked_by_shield":440,"minecraft:drop":48,"minecraft:talked_to_villager":1,"minecraft:play_time":143456,"minecraft:deaths":26,"minecraft:sneak_time":8055,"minecraft:walk_under_water_one_cm":34859,"minecraft:boat_one_cm":22408,"minecraft:interact_with_brewingstand":1,"minecraft:jump":3077,"minecraft:walk_on_water_one_cm":116569,"minecraft:total_world_time":143456,"minecraft:interact_with_furnace":19,"tombstone:raider_killed":10,"minecraft:sleep_in_bed":5,"minecraft:time_since_rest":7641,"minecraft:damage_taken":8880,"minecraft:damage_absorbed":120,"tombstone:sneak_grave":1,"minecraft:trigger_trapped_chest":3,"minecraft:damage_dealt":6802,"minecraft:player_kills":1,"minecraft:swim_one_cm":127938,"minecraft:fly_one_cm":454521,"minecraft:open_chest":65,"minecraft:crouch_one_cm":29900,"tombstone:undead_killed":8,"minecraft:fall_one_cm":91299},"minecraft:picked_up":{"endrem:magical_eye":3,"luminousworld:groundpebbles_1":1,"minecraft:iron_chestplate":1,"minecraft:crafting_table":2,"minecraft:wheat":11,"luminousworld:decorative_brown_2":1,"minecraft:golden_pickaxe":1,"minecraft:smithing_table":1,"minecraft:brown_mushroom":1,"aether:iron_gloves":2,"twilightforest:mining_chest":1,"minecraft:gold_block":2,"minecraft:enchanted_book":1,"minecraft:golden_shovel":1,"minecraft:brewing_stand":1,"minecraft:golden_sword":1,"minecraft:string":18,"minecraft:raw_copper":6,"minecraft:iron_axe":1,"minecraft:sticky_piston":1,"minecraft:iron_shovel":1,"iceandfire:graveyard_soil":1,"minecraft:tnt_minecart":2,"minecraft:gold_nugget":16,"minecraft:cobbled_deepslate":34,"minecraft:spruce_planks":14,"minecraft:redstone_torch":2,"minecraft:iron_nugget":5,"minecraft:iron_pickaxe":2,"minecraft:sugar_cane":17,"minecraft:furnace":4,"minecraft:raw_iron":22,"minecraft:stick":6,"luminousworld:auburnlog":7,"minecraft:copper_ingot":1,"minecraft:torch":13,"minecraft:acacia_log":1,"minecraft:spruce_fence":3,"minecraft:golden_axe":1,"tombstone:grave_dust":2,"minecraft:carrot":1,"quark:blossom_planks":1,"minecraft:purple_terracotta":4,"minecraft:tnt":1,"minecraft:rotten_flesh":14,"minecraft:arrow":2,"minecraft:hay_block":1,"minecraft:black_banner":1,"minecraft:totem_of_undying":2,"supplementaries:ash":14,"minecraft:skeleton_skull":2,"minecraft:cobblestone":58,"born_in_chaos_v1:fused_bone":2,"born_in_chaos_v1:corpse_maggot":2,"born_in_chaos_v1:monster_flesh":1,"minecraft:smoker":1,"minecraft:red_mushroom":1,"minecraft:potato":1,"minecraft:oak_log":15,"minecraft:golden_boots":1,"minecraft:gunpowder":5,"minecraft:paper":2,"minecraft:lapis_lazuli":100,"minecraft:dirt":4,"tombstone:gift":1,"minecraft:white_banner":1,"minecraft:bone":9,"minecraft:stone_bricks":10,"minecraft:wheat_seeds":34,"minecraft:iron_ingot":1,"minecraft:cobweb":3,"minecraft:glowstone_dust":4,"luminousworld:white_petunias":1,"minecraft:oak_planks":7,"minecraft:book":26,"endrem:lost_eye":1,"minecraft:black_terracotta":1,"luminousworld:clovers_1":1,"minecraft:sweet_berries":1,"minecraft:chiseled_stone_bricks":2,"minecraft:sand":18,"minecraft:gravel":1,"minecraft:spruce_sapling":2,"minecraft:white_bed":2,"minecraft:spruce_log":35,"minecraft:spider_eye":6,"minecraft:trapped_chest":2,"minecraft:mossy_cobblestone":1,"luminousworld:whiteoaklog":11,"minecraft:diamond":4,"minecraft:polished_diorite":3,"minecraft:iron_helmet":2,"minecraft:emerald":4,"minecraft:bread":12,"minecraft:oak_sapling":8,"minecraft:netherrack":2,"minecraft:coal":24,"minecraft:ender_pearl":1},"minecraft:broken":{"minecraft:iron_axe":1},"minecraft:crafted":{"minecraft:oak_planks":44,"minecraft:furnace":1,"minecraft:iron_boots":1,"minecraft:iron_axe":1,"tombstone:grave_key":1,"luminousworld:white_oak_plank":44,"minecraft:stone_pickaxe":1,"minecraft:wheat":9,"minecraft:cooked_cod":1,"luminousworld:autumnplank":28,"minecraft:cooked_porkchop":1,"minecraft:crafting_table":3,"minecraft:spruce_planks":140,"minecraft:iron_helmet":1,"minecraft:wooden_pickaxe":1,"minecraft:baked_potato":1,"minecraft:bucket":1,"minecraft:stone_axe":2,"minecraft:bread":6,"minecraft:air":0,"minecraft:golden_apple":1,"minecraft:shield":1,"minecraft:stick":12,"minecraft:iron_ingot":49,"minecraft:iron_pickaxe":1,"minecraft:gold_ingot":18,"minecraft:iron_leggings":1,"minecraft:redstone_torch":3,"minecraft:torch":4},"minecraft:mined":{"minecraft:oak_sapling":2,"minecraft:spruce_planks":6,"minecraft:white_bed":1,"iceandfire:graveyard_soil":1,"minecraft:deepslate_diamond_ore":4,"luminousworld:grassvariant_4":4,"minecraft:black_terracotta":1,"minecraft:sculk_vein":1,"minecraft:glow_lichen":2,"minecraft:purple_terracotta":4,"minecraft:grass_block":3,"minecraft:spruce_fence":2,"luminousworld:grassvariant_2":2,"minecraft:polished_diorite":4,"minecraft:spruce_leaves":28,"minecraft:chiseled_stone_bricks":2,"minecraft:spawner":1,"minecraft:hay_block":1,"twilightforest:mining_chest":1,"minecraft:glowstone":1,"minecraft:furnace":3,"minecraft:carrots":1,"minecraft:iron_ore":10,"minecraft:fire":7,"quark:blossom_planks":1,"minecraft:gold_block":2,"minecraft:sculk_shrieker":1,"minecraft:bookshelf":8,"minecraft:potatoes":1,"minecraft:deepslate_iron_ore":2,"iceandfire:gold_pile":6,"minecraft:vine":21,"luminousworld:groundpebbles_2":1,"luminousworld:decorative_brown_2":1,"minecraft:stone":31,"minecraft:redstone_wall_torch":1,"minecraft:piston_head":1,"minecraft:smithing_table":1,"minecraft:smoker":1,"minecraft:crafting_table":2,"minecraft:torch":4,"minecraft:sculk_sensor":7,"luminousworld:auburnlog":7,"minecraft:mushroom_stem":1,"minecraft:tall_grass":3,"minecraft:cobblestone":28,"minecraft:lapis_ore":15,"minecraft:sugar_cane":11,"minecraft:oak_planks":10,"minecraft:sculk":7,"placeablesmod:bread_full_block":1,"minecraft:wall_torch":4,"supplementaries:urn":4,"luminousworld:whiteoaklog":13,"minecraft:trapped_chest":1,"placeablesmod:iron_axe_block":1,"minecraft:wheat":11,"minecraft:sweet_berry_bush":1,"minecraft:tnt":1,"minecraft:grass":10,"minecraft:coal_ore":12,"minecraft:oak_log":16,"minecraft:gravel":2,"minecraft:sand":16,"minecraft:stone_bricks":10,"minecraft:netherrack":2,"minecraft:oak_leaves":8,"minecraft:deepslate":6},"minecraft:used":{"minecraft:spruce_planks":56,"minecraft:shield":13,"minecraft:rotten_flesh":2,"minecraft:netherrack":2,"minecraft:torch":20,"minecraft:brewing_stand":1,"minecraft:dirt":4,"minecraft:carrot":1,"minecraft:spruce_fence":1,"minecraft:iron_axe":136,"minecraft:stone_bricks":7,"minecraft:sweet_berries":1,"minecraft:oak_sapling":6,"minecraft:furnace":4,"minecraft:cooked_cod":1,"tombstone:gift":4,"minecraft:trapped_chest":1,"minecraft:skeleton_skull":1,"minecraft:cobbled_deepslate":14,"minecraft:iron_leggings":1,"luminousworld:autumnplank":1,"minecraft:water_bucket":38,"minecraft:oak_planks":41,"minecraft:stone_pickaxe":40,"minecraft:baked_potato":4,"minecraft:wooden_pickaxe":13,"minecraft:sugar_cane":6,"twilightforest:mining_chest":1,"minecraft:golden_apple":3,"minecraft:mossy_cobblestone":1,"minecraft:sand":18,"luminousworld:white_petunias":1,"minecraft:tnt":1,"minecraft:crafting_table":4,"minecraft:white_bed":2,"minecraft:cod":2,"minecraft:purple_terracotta":3,"minecraft:smoker":1,"minecraft:redstone_torch":2,"minecraft:black_terracotta":1,"minecraft:cornflower":2,"iceandfire:graveyard_soil":1,"born_in_chaos_v1:monster_flesh":1,"minecraft:bread":22,"minecraft:iron_pickaxe":123,"tombstone:grave_key":1,"minecraft:gravel":1,"minecraft:stone_axe":96,"minecraft:cobblestone":39,"minecraft:white_banner":1,"minecraft:cooked_porkchop":1,"minecraft:smithing_table":1,"minecraft:bucket":39,"minecraft:cobweb":3},"minecraft:killed":{"illagerinvasion:archivist":5,"minecraft:evoker":3,"minecraft:vex":2,"minecraft:cave_spider":5,"born_in_chaos_v1:zombie_lumberjack":1,"minecraft:vindicator":2,"minecraft:skeleton":1,"born_in_chaos_v1:decrepit_skeleton":1,"born_in_chaos_v1:bloody_gadfly":1,"undead_revamp2:thesomnolence":1,"born_in_chaos_v1:dread_hound":1,"minecraft:zombie":3,"enemyexpansion:vampire":1,"alexsmobs:terrapin":1,"born_in_chaos_v1:door_knight":1,"enemyexpansion:wasp":1},"minecraft:dropped":{"minecraft:bread":1,"minecraft:golden_boots":2,"minecraft:brown_mushroom":1,"minecraft:wheat_seeds":33,"minecraft:golden_pickaxe":1,"minecraft:golden_axe":1,"artifacts:cloud_in_a_bottle":1,"endrem:lost_eye":1,"minecraft:coal":10,"minecraft:stick":1,"born_in_chaos_v1:fused_bone":2,"minecraft:iron_shovel":1,"minecraft:string":4,"luminousworld:decorative_brown_2":1,"luminousworld:clovers_1":1,"minecraft:bone":2,"alexsmobs:animal_dictionary":1,"minecraft:raw_copper":6,"minecraft:rotten_flesh":17,"minecraft:golden_shovel":1,"minecraft:totem_of_undying":1,"minecraft:filled_map":1,"minecraft:skeleton_skull":1,"aether:iron_gloves":2,"minecraft:spruce_planks":65,"endrem:magical_eye":2,"minecraft:golden_sword":1,"minecraft:spider_eye":3}},"DataVersion":3465}