{"stats":{"minecraft:dropped":{"minecraft:skeleton_skull":1},"minecraft:custom":{"minecraft:time_since_rest":4013,"minecraft:interact_with_furnace":1,"minecraft:sprint_one_cm":27712,"minecraft:damage_taken":480,"minecraft:walk_one_cm":16315,"minecraft:trigger_trapped_chest":1,"minecraft:drop":1,"minecraft:damage_dealt":62,"minecraft:interact_with_crafting_table":1,"minecraft:swim_one_cm":607,"minecraft:talked_to_villager":1,"minecraft:fly_one_cm":39960,"minecraft:open_chest":2,"minecraft:crouch_one_cm":312,"minecraft:play_time":8510,"minecraft:deaths":1,"minecraft:sneak_time":145,"minecraft:walk_under_water_one_cm":151,"minecraft:jump":213,"minecraft:leave_game":1,"minecraft:walk_on_water_one_cm":1159,"minecraft:time_since_death":4519,"minecraft:climb_one_cm":514,"minecraft:total_world_time":8510,"minecraft:fall_one_cm":9489},"minecraft:used":{"minecraft:bread":2,"iceandfire:graveyard_soil":1,"minecraft:mossy_cobblestone":1,"minecraft:crafting_table":1,"tombstone:gift":2,"minecraft:skeleton_skull":1},"minecraft:crafted":{"minecraft:oak_planks":8,"minecraft:crafting_table":1,"minecraft:bread":3},"minecraft:killed_by":{"iceandfire:fire_dragon":1},"minecraft:mined":{"iceandfire:graveyard_soil":1,"minecraft:carrots":1,"minecraft:wheat":11,"minecraft:crafting_table":1,"minecraft:potatoes":1,"minecraft:oak_log":2,"minecraft:tall_grass":2,"minecraft:oak_leaves":3},"minecraft:picked_up":{"minecraft:stick":1,"minecraft:crafting_table":1,"minecraft:wheat":11,"luminousworld:clovers_1":1,"minecraft:potato":1,"minecraft:oak_log":2,"minecraft:spruce_log":35,"minecraft:carrot":1,"minecraft:dirt":1,"minecraft:mossy_cobblestone":1,"iceandfire:graveyard_soil":1,"minecraft:wheat_seeds":33,"minecraft:spruce_planks":6,"minecraft:skeleton_skull":2,"minecraft:cobblestone":1}},"DataVersion":3465}