{"stats":{"minecraft:crafted":{"minecraft:oak_planks":8,"minecraft:crafting_table":1,"minecraft:stick":8,"minecraft:spruce_planks":140,"minecraft:stone_pickaxe":1,"minecraft:wooden_pickaxe":1,"minecraft:stone_axe":1,"minecraft:bread":3},"minecraft:custom":{"minecraft:time_since_rest":6765,"minecraft:interact_with_furnace":1,"minecraft:sprint_one_cm":59756,"minecraft:damage_taken":938,"minecraft:walk_one_cm":47871,"minecraft:trigger_trapped_chest":1,"minecraft:mob_kills":4,"minecraft:drop":3,"minecraft:damage_dealt":603,"minecraft:talked_to_villager":1,"minecraft:swim_one_cm":1017,"minecraft:interact_with_crafting_table":5,"minecraft:fly_one_cm":90010,"minecraft:open_chest":13,"minecraft:crouch_one_cm":2081,"minecraft:play_time":18232,"tombstone:undead_killed":4,"minecraft:deaths":2,"minecraft:sneak_time":690,"minecraft:walk_under_water_one_cm":418,"minecraft:jump":499,"minecraft:leave_game":1,"minecraft:time_since_death":7304,"minecraft:walk_on_water_one_cm":2281,"minecraft:climb_one_cm":514,"minecraft:total_world_time":18232,"minecraft:fall_one_cm":19747},"minecraft:mined":{"iceandfire:graveyard_soil":1,"minecraft:carrots":1,"minecraft:wheat":11,"minecraft:crafting_table":1,"minecraft:grass":3,"iceandfire:gold_pile":6,"minecraft:potatoes":1,"minecraft:oak_log":2,"minecraft:tall_grass":2,"minecraft:cobblestone":10,"luminousworld:groundpebbles_2":1,"luminousworld:decorative_brown_2":1,"minecraft:oak_leaves":3},"minecraft:killed":{"minecraft:skeleton":1,"minecraft:zombie":2,"born_in_chaos_v1:zombie_lumberjack":1},"minecraft:dropped":{"minecraft:skeleton_skull":1,"minecraft:bone":2},"minecraft:killed_by":{"undead_revamp2:the_moonflower":1,"iceandfire:fire_dragon":1},"minecraft:used":{"born_in_chaos_v1:monster_flesh":1,"minecraft:bread":3,"minecraft:stone_pickaxe":7,"iceandfire:graveyard_soil":1,"minecraft:wooden_pickaxe":9,"minecraft:stone_axe":17,"minecraft:mossy_cobblestone":1,"minecraft:crafting_table":2,"tombstone:gift":2,"minecraft:skeleton_skull":1},"minecraft:picked_up":{"minecraft:iron_chestplate":1,"luminousworld:groundpebbles_1":1,"luminousworld:decorative_brown_2":1,"minecraft:stick":1,"minecraft:crafting_table":1,"minecraft:wheat":11,"luminousworld:clovers_1":1,"born_in_chaos_v1:monster_flesh":1,"minecraft:torch":2,"minecraft:acacia_log":1,"minecraft:potato":1,"minecraft:oak_log":2,"tombstone:grave_dust":1,"minecraft:spruce_log":35,"minecraft:carrot":1,"minecraft:dirt":1,"minecraft:mossy_cobblestone":1,"minecraft:arrow":2,"minecraft:bone":2,"minecraft:rotten_flesh":2,"iceandfire:graveyard_soil":1,"minecraft:wheat_seeds":33,"minecraft:gold_nugget":16,"minecraft:spruce_planks":6,"minecraft:iron_helmet":1,"minecraft:iron_ingot":1,"minecraft:skeleton_skull":2,"minecraft:cobblestone":10}},"DataVersion":3465}