{"stats":{"minecraft:crafted":{"minecraft:oak_planks":8,"minecraft:crafting_table":1,"minecraft:spruce_planks":140,"minecraft:wooden_pickaxe":1,"minecraft:stone_axe":1,"minecraft:bread":3,"minecraft:stick":8,"minecraft:stone_pickaxe":1},"minecraft:custom":{"minecraft:interact_with_furnace":1,"minecraft:mob_kills":4,"minecraft:interact_with_crafting_table":5,"minecraft:leave_game":1,"minecraft:time_since_death":6861,"minecraft:climb_one_cm":18660,"minecraft:time_since_rest":6436,"minecraft:sprint_one_cm":97188,"minecraft:damage_taken":1557,"minecraft:walk_one_cm":68815,"minecraft:trigger_trapped_chest":2,"minecraft:drop":4,"minecraft:damage_dealt":638,"minecraft:swim_one_cm":38414,"minecraft:talked_to_villager":1,"minecraft:fly_one_cm":120926,"minecraft:open_chest":13,"minecraft:crouch_one_cm":5858,"minecraft:play_time":30638,"tombstone:undead_killed":4,"minecraft:deaths":4,"minecraft:sneak_time":1456,"minecraft:walk_under_water_one_cm":10815,"minecraft:jump":741,"minecraft:walk_on_water_one_cm":9291,"minecraft:total_world_time":30638,"minecraft:fall_one_cm":23849},"minecraft:mined":{"iceandfire:graveyard_soil":1,"luminousworld:grassvariant_4":1,"minecraft:crafting_table":1,"luminousworld:grassvariant_2":1,"minecraft:tall_grass":3,"minecraft:cobblestone":10,"minecraft:spruce_leaves":8,"placeablesmod:bread_full_block":1,"minecraft:sugar_cane":3,"supplementaries:urn":3,"luminousworld:whiteoaklog":13,"minecraft:carrots":1,"minecraft:wheat":11,"minecraft:grass":4,"minecraft:vine":3,"minecraft:potatoes":1,"minecraft:oak_log":7,"iceandfire:gold_pile":6,"luminousworld:groundpebbles_2":1,"luminousworld:decorative_brown_2":1,"minecraft:stone":6,"minecraft:oak_leaves":4},"minecraft:killed":{"born_in_chaos_v1:zombie_lumberjack":1,"minecraft:skeleton":1,"minecraft:zombie":2},"minecraft:dropped":{"minecraft:skeleton_skull":1,"born_in_chaos_v1:fused_bone":2,"minecraft:bone":2},"minecraft:killed_by":{"undead_revamp2:the_moonflower":1,"born_in_chaos_v1:corpse_fish":1,"iceandfire:fire_dragon":1},"minecraft:used":{"minecraft:stone_pickaxe":13,"minecraft:spruce_planks":33,"minecraft:wooden_pickaxe":13,"minecraft:mossy_cobblestone":1,"minecraft:sand":2,"luminousworld:white_petunias":1,"minecraft:crafting_table":2,"minecraft:carrot":1,"minecraft:spruce_fence":1,"born_in_chaos_v1:monster_flesh":1,"minecraft:bread":8,"iceandfire:graveyard_soil":1,"minecraft:stone_axe":41,"tombstone:gift":2,"minecraft:skeleton_skull":1},"minecraft:picked_up":{"born_in_chaos_v1:fused_bone":2,"luminousworld:groundpebbles_1":1,"minecraft:iron_chestplate":1,"minecraft:crafting_table":1,"minecraft:wheat":11,"luminousworld:decorative_brown_2":1,"born_in_chaos_v1:monster_flesh":1,"minecraft:potato":1,"minecraft:oak_log":10,"minecraft:string":1,"minecraft:dirt":1,"minecraft:bone":2,"iceandfire:graveyard_soil":1,"minecraft:wheat_seeds":33,"minecraft:gold_nugget":16,"minecraft:spruce_planks":8,"minecraft:iron_ingot":1,"luminousworld:white_petunias":1,"minecraft:sugar_cane":5,"minecraft:stick":4,"luminousworld:clovers_1":1,"minecraft:torch":2,"minecraft:acacia_log":1,"minecraft:spruce_fence":1,"minecraft:sand":2,"tombstone:grave_dust":1,"minecraft:carrot":1,"minecraft:spruce_log":35,"minecraft:mossy_cobblestone":1,"luminousworld:whiteoaklog":11,"minecraft:arrow":2,"minecraft:rotten_flesh":2,"minecraft:iron_helmet":1,"minecraft:bread":9,"supplementaries:ash":14,"minecraft:oak_sapling":3,"minecraft:skeleton_skull":2,"minecraft:cobblestone":15}},"DataVersion":3465}