{"stats":{"minecraft:crafted":{"minecraft:oak_planks":40,"minecraft:crafting_table":2,"minecraft:spruce_planks":140,"minecraft:wooden_pickaxe":1,"minecraft:furnace":1,"minecraft:stone_axe":2,"minecraft:bread":3,"minecraft:air":0,"luminousworld:white_oak_plank":44,"minecraft:stick":8,"minecraft:iron_ingot":4,"minecraft:iron_pickaxe":1,"minecraft:stone_pickaxe":1,"minecraft:torch":4},"minecraft:custom":{"minecraft:interact_with_furnace":6,"minecraft:mob_kills":6,"minecraft:interact_with_crafting_table":10,"minecraft:leave_game":3,"minecraft:time_since_death":1314,"minecraft:sleep_in_bed":4,"minecraft:climb_one_cm":21884,"minecraft:time_since_rest":134,"minecraft:sprint_one_cm":127899,"minecraft:damage_taken":2132,"minecraft:walk_one_cm":109793,"minecraft:trigger_trapped_chest":2,"minecraft:drop":9,"minecraft:damage_dealt":1117,"minecraft:swim_one_cm":39474,"minecraft:talked_to_villager":1,"minecraft:fly_one_cm":157675,"minecraft:open_chest":15,"minecraft:play_time":46838,"minecraft:crouch_one_cm":7243,"minecraft:sneak_time":1813,"tombstone:undead_killed":4,"minecraft:deaths":6,"minecraft:walk_under_water_one_cm":11397,"minecraft:jump":1093,"minecraft:walk_on_water_one_cm":12046,"minecraft:total_world_time":46838,"minecraft:fall_one_cm":28389},"minecraft:mined":{"iceandfire:graveyard_soil":1,"luminousworld:grassvariant_4":1,"minecraft:crafting_table":2,"minecraft:torch":1,"minecraft:glow_lichen":2,"minecraft:grass_block":2,"luminousworld:grassvariant_2":1,"minecraft:tall_grass":3,"minecraft:cobblestone":10,"minecraft:spruce_leaves":8,"minecraft:sugar_cane":3,"placeablesmod:bread_full_block":1,"minecraft:wall_torch":2,"supplementaries:urn":3,"luminousworld:whiteoaklog":13,"minecraft:furnace":1,"minecraft:carrots":1,"minecraft:sweet_berry_bush":1,"minecraft:iron_ore":4,"minecraft:wheat":11,"minecraft:grass":4,"minecraft:oak_log":7,"minecraft:potatoes":1,"minecraft:coal_ore":10,"iceandfire:gold_pile":6,"minecraft:vine":3,"minecraft:gravel":2,"luminousworld:groundpebbles_2":1,"luminousworld:decorative_brown_2":1,"minecraft:stone":15,"minecraft:oak_leaves":7},"minecraft:killed":{"born_in_chaos_v1:zombie_lumberjack":1,"minecraft:skeleton":1,"minecraft:zombie":2,"alexsmobs:terrapin":1,"enemyexpansion:wasp":1},"minecraft:dropped":{"minecraft:wheat_seeds":33,"minecraft:spruce_planks":64,"minecraft:skeleton_skull":1,"born_in_chaos_v1:fused_bone":2,"minecraft:string":1,"luminousworld:decorative_brown_2":1,"luminousworld:clovers_1":1,"minecraft:bone":2},"minecraft:killed_by":{"undead_revamp2:the_moonflower":1,"born_in_chaos_v1:corpse_fish":1,"minecraft:drowned":1,"iceandfire:fire_dragon":1},"minecraft:used":{"minecraft:stone_pickaxe":40,"minecraft:oak_planks":13,"minecraft:spruce_planks":54,"minecraft:wooden_pickaxe":13,"minecraft:torch":3,"minecraft:mossy_cobblestone":1,"minecraft:dirt":3,"minecraft:sand":2,"luminousworld:white_petunias":1,"minecraft:crafting_table":3,"minecraft:carrot":1,"minecraft:white_bed":1,"minecraft:spruce_fence":1,"born_in_chaos_v1:monster_flesh":1,"minecraft:bread":12,"minecraft:iron_pickaxe":1,"iceandfire:graveyard_soil":1,"minecraft:gravel":1,"minecraft:stone_axe":49,"minecraft:sweet_berries":1,"minecraft:furnace":1,"tombstone:gift":2,"minecraft:skeleton_skull":1},"minecraft:picked_up":{"born_in_chaos_v1:fused_bone":2,"luminousworld:groundpebbles_1":1,"minecraft:crafting_table":2,"minecraft:iron_chestplate":1,"minecraft:wheat":11,"luminousworld:decorative_brown_2":1,"born_in_chaos_v1:monster_flesh":1,"minecraft:potato":1,"minecraft:oak_log":10,"minecraft:dirt":3,"minecraft:string":1,"minecraft:bone":2,"iceandfire:graveyard_soil":1,"minecraft:wheat_seeds":33,"minecraft:gold_nugget":16,"minecraft:spruce_planks":8,"minecraft:iron_ingot":1,"luminousworld:white_petunias":1,"minecraft:sugar_cane":5,"minecraft:furnace":1,"minecraft:stick":4,"minecraft:raw_iron":4,"luminousworld:clovers_1":1,"minecraft:sweet_berries":1,"minecraft:copper_ingot":1,"minecraft:torch":5,"minecraft:acacia_log":1,"minecraft:gravel":1,"minecraft:spruce_fence":1,"minecraft:sand":2,"minecraft:white_bed":1,"tombstone:grave_dust":2,"minecraft:spruce_log":35,"minecraft:carrot":1,"minecraft:mossy_cobblestone":1,"luminousworld:whiteoaklog":11,"minecraft:arrow":2,"minecraft:rotten_flesh":4,"minecraft:iron_helmet":1,"minecraft:bread":9,"supplementaries:ash":14,"minecraft:oak_sapling":3,"minecraft:coal":15,"minecraft:skeleton_skull":2,"minecraft:cobblestone":21}},"DataVersion":3465}