{"stats":{"minecraft:crafted":{"minecraft:oak_planks":8,"minecraft:crafting_table":1,"minecraft:spruce_planks":140,"minecraft:wooden_pickaxe":1,"minecraft:stone_axe":1,"minecraft:bread":3,"minecraft:stick":8,"minecraft:stone_pickaxe":1},"minecraft:custom":{"minecraft:interact_with_furnace":1,"minecraft:mob_kills":4,"minecraft:interact_with_crafting_table":5,"minecraft:leave_game":1,"minecraft:time_since_death":3720,"minecraft:climb_one_cm":514,"minecraft:time_since_rest":3709,"minecraft:sprint_one_cm":67983,"minecraft:damage_taken":1349,"minecraft:walk_one_cm":55314,"minecraft:trigger_trapped_chest":2,"minecraft:drop":3,"minecraft:damage_dealt":596,"minecraft:swim_one_cm":33457,"minecraft:talked_to_villager":1,"minecraft:fly_one_cm":101302,"minecraft:open_chest":13,"minecraft:crouch_one_cm":2120,"minecraft:play_time":23283,"tombstone:undead_killed":4,"minecraft:deaths":3,"minecraft:sneak_time":796,"minecraft:walk_under_water_one_cm":9923,"minecraft:jump":601,"minecraft:walk_on_water_one_cm":8645,"minecraft:total_world_time":23283,"minecraft:fall_one_cm":22329},"minecraft:mined":{"iceandfire:graveyard_soil":1,"luminousworld:grassvariant_4":1,"minecraft:crafting_table":1,"luminousworld:grassvariant_2":1,"minecraft:cobblestone":10,"minecraft:tall_grass":3,"minecraft:sugar_cane":3,"luminousworld:whiteoaklog":13,"minecraft:carrots":1,"minecraft:wheat":11,"minecraft:grass":4,"minecraft:potatoes":1,"minecraft:oak_log":7,"iceandfire:gold_pile":6,"luminousworld:groundpebbles_2":1,"minecraft:stone":6,"luminousworld:decorative_brown_2":1,"minecraft:oak_leaves":4},"minecraft:killed":{"born_in_chaos_v1:zombie_lumberjack":1,"minecraft:skeleton":1,"minecraft:zombie":2},"minecraft:dropped":{"minecraft:skeleton_skull":1,"minecraft:bone":2},"minecraft:killed_by":{"undead_revamp2:the_moonflower":1,"born_in_chaos_v1:corpse_fish":1,"iceandfire:fire_dragon":1},"minecraft:used":{"minecraft:stone_pickaxe":13,"minecraft:wooden_pickaxe":13,"minecraft:mossy_cobblestone":1,"minecraft:sand":2,"minecraft:crafting_table":2,"minecraft:carrot":1,"born_in_chaos_v1:monster_flesh":1,"minecraft:bread":6,"iceandfire:graveyard_soil":1,"minecraft:stone_axe":41,"tombstone:gift":2,"minecraft:skeleton_skull":1},"minecraft:picked_up":{"luminousworld:groundpebbles_1":1,"minecraft:crafting_table":1,"minecraft:iron_chestplate":1,"minecraft:wheat":11,"luminousworld:decorative_brown_2":1,"born_in_chaos_v1:monster_flesh":1,"minecraft:potato":1,"minecraft:oak_log":7,"minecraft:dirt":1,"minecraft:bone":2,"iceandfire:graveyard_soil":1,"minecraft:wheat_seeds":33,"minecraft:gold_nugget":16,"minecraft:spruce_planks":6,"minecraft:iron_ingot":1,"minecraft:sugar_cane":5,"minecraft:stick":1,"luminousworld:clovers_1":1,"minecraft:torch":2,"minecraft:acacia_log":1,"minecraft:sand":2,"tombstone:grave_dust":1,"minecraft:carrot":1,"minecraft:spruce_log":35,"minecraft:mossy_cobblestone":1,"luminousworld:whiteoaklog":11,"minecraft:arrow":2,"minecraft:rotten_flesh":2,"minecraft:iron_helmet":1,"minecraft:bread":8,"minecraft:oak_sapling":3,"minecraft:skeleton_skull":2,"minecraft:cobblestone":15}},"DataVersion":3465}