{"stats":{"minecraft:dropped":{"minecraft:wheat_seeds":3,"alexsmobs:animal_dictionary":1,"luminousworld:white_petunias":5,"luminousworld:grassflowers":4,"born_in_chaos_v1:river_mint":1,"tombstone:grave_dust":1},"minecraft:custom":{"minecraft:interact_with_furnace":1,"minecraft:interact_with_crafting_table":4,"minecraft:open_barrel":1,"minecraft:interact_with_campfire":3,"minecraft:leave_game":3,"minecraft:time_since_death":19674,"minecraft:sleep_in_bed":3,"minecraft:climb_one_cm":977,"minecraft:time_since_rest":13588,"minecraft:sprint_one_cm":139762,"minecraft:damage_taken":526,"minecraft:walk_one_cm":35468,"minecraft:drop":8,"minecraft:damage_dealt":39,"minecraft:talked_to_villager":1,"minecraft:swim_one_cm":9480,"minecraft:fly_one_cm":201800,"minecraft:open_chest":4,"minecraft:crouch_one_cm":4745,"minecraft:play_time":25903,"minecraft:deaths":2,"minecraft:sneak_time":1445,"minecraft:walk_under_water_one_cm":750,"minecraft:jump":765,"minecraft:walk_on_water_one_cm":1212,"minecraft:total_world_time":25903,"minecraft:fall_one_cm":22917},"minecraft:used":{"minecraft:rose_bush":1,"minecraft:stone_pickaxe":41,"minecraft:wooden_pickaxe":17,"minecraft:dirt":2,"minecraft:crafting_table":1,"minecraft:wooden_axe":64,"minecraft:bread":2,"minecraft:spruce_sapling":10,"minecraft:stone_axe":96,"minecraft:cobblestone":3,"minecraft:cooked_porkchop":3,"tombstone:gift":2,"alexsmobs:animal_dictionary":1,"minecraft:stone_pressure_plate":1,"minecraft:chainmail_leggings":1},"minecraft:crafted":{"minecraft:crafting_table":1,"minecraft:spruce_planks":20,"minecraft:wooden_pickaxe":1,"minecraft:stone_axe":1,"minecraft:bread":33,"minecraft:stick":8,"minecraft:stone_pickaxe":1,"minecraft:wooden_axe":1,"minecraft:torch":4,"minecraft:wheat":99},"minecraft:mined":{"minecraft:stone_pressure_plate":1,"minecraft:white_bed":1,"luminousworld:autumnleaves":3,"ecologics:thin_ice":1,"minecraft:blast_furnace":1,"minecraft:grass_block":2,"minecraft:rose_bush":1,"quark:blossom_log":95,"luminousworld:grassvariant_2":3,"minecraft:tall_grass":5,"minecraft:cobblestone":2,"minecraft:spruce_leaves":1,"minecraft:sugar_cane":6,"minecraft:hay_block":11,"luminousworld:yellow_grassflowers":1,"minecraft:spruce_log":65,"born_in_chaos_v1:river_mint":1,"minecraft:grass":8,"minecraft:bookshelf":2,"minecraft:coal_ore":29,"minecraft:stone":24},"minecraft:picked_up":{"born_in_chaos_v1:river_mint":1,"minecraft:dirt":2,"minecraft:wheat_seeds":4,"minecraft:rose_bush":1,"quark:yellow_blossom_sapling":8,"luminousworld:white_petunias":7,"minecraft:sugar_cane":12,"minecraft:book":6,"minecraft:stick":3,"minecraft:cooked_porkchop":3,"quark:blossom_log":95,"minecraft:porkchop":3,"minecraft:spruce_sapling":10,"minecraft:blast_furnace":1,"minecraft:spruce_log":40,"minecraft:white_bed":1,"minecraft:stone_pressure_plate":2,"luminousworld:grassflowers":4,"luminousworld:yellow_grassflowers":1,"minecraft:chainmail_leggings":1,"minecraft:hay_block":11,"minecraft:coal":29,"minecraft:cobblestone":26},"minecraft:broken":{"minecraft:wooden_axe":1}},"DataVersion":3465}