{"stats":{"minecraft:custom":{"minecraft:time_since_rest":1620,"minecraft:crouch_one_cm":234,"minecraft:sprint_one_cm":42015,"minecraft:play_time":8062,"minecraft:deaths":2,"minecraft:damage_taken":250,"minecraft:walk_one_cm":4112,"minecraft:sneak_time":36,"minecraft:walk_under_water_one_cm":720,"minecraft:drop":8,"minecraft:jump":391,"minecraft:damage_dealt":10,"minecraft:leave_game":2,"minecraft:walk_on_water_one_cm":1085,"minecraft:time_since_death":1833,"minecraft:total_world_time":8062,"minecraft:swim_one_cm":8852,"minecraft:talked_to_villager":1,"minecraft:fall_one_cm":11085,"minecraft:fly_one_cm":115378},"minecraft:crafted":{"minecraft:crafting_table":1,"minecraft:spruce_planks":20,"minecraft:stick":4},"minecraft:picked_up":{"luminousworld:grassflowers":4,"born_in_chaos_v1:river_mint":1,"luminousworld:yellow_grassflowers":1,"minecraft:wheat_seeds":3,"minecraft:spruce_log":5,"luminousworld:white_petunias":5},"minecraft:mined":{"minecraft:grass":8,"luminousworld:yellow_grassflowers":1,"luminousworld:grassvariant_2":3,"minecraft:tall_grass":3,"minecraft:spruce_log":5,"born_in_chaos_v1:river_mint":1,"ecologics:thin_ice":1},"minecraft:used":{"tombstone:gift":2,"alexsmobs:animal_dictionary":1},"minecraft:dropped":{"tombstone:grave_dust":1,"luminousworld:grassflowers":4,"minecraft:wheat_seeds":3,"born_in_chaos_v1:river_mint":1,"alexsmobs:animal_dictionary":1,"luminousworld:white_petunias":5}},"DataVersion":3465}