{"stats":{"minecraft:crafted":{"minecraft:crafting_table":1,"minecraft:spruce_planks":20,"minecraft:wooden_pickaxe":1,"minecraft:bucket":1,"minecraft:stone_axe":1,"minecraft:bread":33,"minecraft:air":0,"minecraft:stick":8,"minecraft:iron_ingot":6,"minecraft:iron_pickaxe":1,"minecraft:stone_pickaxe":1,"minecraft:wooden_axe":1,"minecraft:torch":4,"minecraft:wheat":99},"minecraft:custom":{"minecraft:interact_with_furnace":1,"minecraft:mob_kills":5,"minecraft:interact_with_crafting_table":5,"minecraft:open_barrel":1,"minecraft:interact_with_campfire":3,"minecraft:leave_game":4,"minecraft:time_since_death":36869,"minecraft:sleep_in_bed":4,"minecraft:climb_one_cm":1577,"minecraft:time_since_rest":16426,"minecraft:sprint_one_cm":219194,"minecraft:damage_taken":1142,"minecraft:walk_one_cm":64687,"minecraft:trigger_trapped_chest":1,"minecraft:drop":16,"minecraft:damage_dealt":1192,"minecraft:swim_one_cm":14850,"minecraft:talked_to_villager":2,"minecraft:fly_one_cm":309982,"minecraft:open_chest":9,"minecraft:crouch_one_cm":8689,"minecraft:play_time":43098,"tombstone:undead_killed":2,"minecraft:deaths":2,"minecraft:sneak_time":2404,"minecraft:walk_under_water_one_cm":2744,"minecraft:jump":1319,"minecraft:interact_with_blast_furnace":3,"minecraft:walk_on_water_one_cm":5315,"minecraft:total_world_time":43098,"minecraft:fall_one_cm":44445},"minecraft:mined":{"minecraft:stone_pressure_plate":1,"minecraft:white_bed":1,"iceandfire:graveyard_soil":1,"minecraft:mossy_cobblestone":1,"luminousworld:autumnleaves":3,"iceandfire:copper_pile":2,"ecologics:thin_ice":1,"minecraft:torch":2,"minecraft:blast_furnace":2,"minecraft:grass_block":2,"iceandfire:ghost_chest":1,"minecraft:rose_bush":1,"quark:blossom_log":95,"luminousworld:grassvariant_2":4,"minecraft:tall_grass":8,"minecraft:cobblestone":2,"minecraft:spruce_leaves":1,"minecraft:sugar_cane":6,"minecraft:wall_torch":2,"minecraft:hay_block":14,"luminousworld:yellow_grassflowers":1,"minecraft:sweet_berry_bush":1,"minecraft:iron_ore":8,"minecraft:spruce_log":65,"born_in_chaos_v1:river_mint":1,"minecraft:grass":11,"iceandfire:silver_pile":3,"minecraft:bookshelf":6,"minecraft:coal_ore":29,"iceandfire:gold_pile":3,"minecraft:vine":1,"minecraft:dirt":3,"minecraft:stone":34,"minecraft:fern":1},"minecraft:killed":{"born_in_chaos_v1:dread_hound":1,"iceandfire:ghost":2,"alexsmobs:flying_fish":1,"enemyexpansion:wasp":1},"minecraft:broken":{"minecraft:stone_axe":1,"minecraft:wooden_axe":1},"minecraft:dropped":{"iceandfire:silver_nugget":10,"minecraft:wheat_seeds":3,"alexsmobs:animal_dictionary":1,"luminousworld:white_petunias":5,"born_in_chaos_v1:monster_flesh":1,"luminousworld:grassflowers":4,"iceandfire:copper_nugget":14,"born_in_chaos_v1:river_mint":1,"aether:iron_gloves":1,"minecraft:spruce_planks":6,"minecraft:skeleton_skull":1,"tombstone:grave_dust":1,"minecraft:gold_nugget":18,"minecraft:spruce_log":35},"minecraft:used":{"minecraft:water_bucket":10,"minecraft:rose_bush":1,"minecraft:stone_pickaxe":57,"minecraft:wooden_pickaxe":17,"minecraft:torch":5,"minecraft:dirt":2,"minecraft:crafting_table":1,"minecraft:blast_furnace":1,"alexsmobs:flying_fish":1,"minecraft:wooden_axe":64,"minecraft:bread":15,"minecraft:lantern":1,"minecraft:iron_pickaxe":17,"minecraft:spruce_sapling":10,"minecraft:stone_axe":119,"minecraft:cobblestone":26,"minecraft:cooked_porkchop":3,"minecraft:bucket":11,"tombstone:gift":2,"alexsmobs:animal_dictionary":1,"minecraft:stone_pressure_plate":1,"minecraft:chainmail_leggings":1},"minecraft:picked_up":{"born_in_chaos_v1:monster_flesh":1,"born_in_chaos_v1:river_mint":1,"aether:iron_gloves":1,"minecraft:dirt":2,"minecraft:lantern":1,"minecraft:bone":1,"minecraft:gold_nugget":18,"minecraft:wheat_seeds":6,"minecraft:rose_bush":1,"quark:yellow_blossom_sapling":8,"luminousworld:white_petunias":7,"minecraft:sugar_cane":12,"minecraft:book":18,"iceandfire:copper_nugget":28,"minecraft:stick":3,"minecraft:raw_iron":8,"iceandfire:ghost_chest":1,"minecraft:cooked_porkchop":3,"minecraft:sweet_berries":3,"minecraft:torch":4,"minecraft:porkchop":3,"quark:blossom_log":95,"minecraft:spruce_sapling":10,"minecraft:blast_furnace":2,"minecraft:spruce_log":40,"minecraft:white_bed":1,"minecraft:stone_pressure_plate":2,"luminousworld:grassflowers":4,"luminousworld:yellow_grassflowers":1,"minecraft:iron_helmet":1,"minecraft:chainmail_leggings":1,"minecraft:hay_block":14,"iceandfire:silver_nugget":10,"minecraft:cobblestone":35,"minecraft:skeleton_skull":1,"minecraft:coal":56,"alexsmobs:flying_fish":1}},"DataVersion":3465}