{"stats":{"minecraft:dropped":{"minecraft:wheat_seeds":3,"alexsmobs:animal_dictionary":1,"luminousworld:white_petunias":5,"luminousworld:grassflowers":4,"minecraft:spruce_planks":6,"born_in_chaos_v1:river_mint":1,"aether:iron_gloves":1,"minecraft:skeleton_skull":1,"tombstone:grave_dust":1,"minecraft:spruce_log":35},"minecraft:custom":{"minecraft:interact_with_furnace":1,"minecraft:mob_kills":3,"minecraft:interact_with_crafting_table":5,"minecraft:open_barrel":1,"minecraft:interact_with_campfire":3,"minecraft:leave_game":4,"minecraft:time_since_death":29425,"minecraft:sleep_in_bed":4,"minecraft:climb_one_cm":1577,"minecraft:time_since_rest":8982,"minecraft:sprint_one_cm":188735,"minecraft:damage_taken":979,"minecraft:walk_one_cm":50673,"minecraft:trigger_trapped_chest":1,"minecraft:drop":12,"minecraft:damage_dealt":658,"minecraft:talked_to_villager":2,"minecraft:swim_one_cm":12626,"minecraft:fly_one_cm":265540,"minecraft:open_chest":4,"minecraft:crouch_one_cm":5730,"minecraft:play_time":35654,"tombstone:undead_killed":2,"minecraft:deaths":2,"minecraft:sneak_time":2022,"minecraft:walk_under_water_one_cm":2680,"minecraft:jump":1084,"minecraft:interact_with_blast_furnace":3,"minecraft:walk_on_water_one_cm":2371,"minecraft:total_world_time":35654,"minecraft:fall_one_cm":37432},"minecraft:killed":{"iceandfire:ghost":2,"alexsmobs:flying_fish":1},"minecraft:used":{"minecraft:water_bucket":5,"minecraft:rose_bush":1,"minecraft:stone_pickaxe":54,"minecraft:wooden_pickaxe":17,"minecraft:torch":4,"minecraft:dirt":2,"minecraft:crafting_table":1,"minecraft:blast_furnace":1,"alexsmobs:flying_fish":1,"minecraft:wooden_axe":64,"minecraft:lantern":1,"minecraft:bread":12,"minecraft:iron_pickaxe":4,"minecraft:spruce_sapling":10,"minecraft:stone_axe":106,"minecraft:cobblestone":24,"minecraft:cooked_porkchop":3,"minecraft:bucket":6,"tombstone:gift":2,"alexsmobs:animal_dictionary":1,"minecraft:stone_pressure_plate":1,"minecraft:chainmail_leggings":1},"minecraft:crafted":{"minecraft:crafting_table":1,"minecraft:spruce_planks":20,"minecraft:wooden_pickaxe":1,"minecraft:bucket":1,"minecraft:stone_axe":1,"minecraft:bread":33,"minecraft:air":0,"minecraft:stick":8,"minecraft:iron_ingot":6,"minecraft:iron_pickaxe":1,"minecraft:stone_pickaxe":1,"minecraft:wooden_axe":1,"minecraft:torch":4,"minecraft:wheat":99},"minecraft:mined":{"minecraft:stone_pressure_plate":1,"minecraft:white_bed":1,"iceandfire:graveyard_soil":1,"minecraft:mossy_cobblestone":1,"luminousworld:autumnleaves":3,"ecologics:thin_ice":1,"minecraft:torch":1,"minecraft:blast_furnace":2,"minecraft:grass_block":2,"iceandfire:ghost_chest":1,"minecraft:rose_bush":1,"quark:blossom_log":95,"luminousworld:grassvariant_2":3,"minecraft:tall_grass":7,"minecraft:cobblestone":2,"minecraft:spruce_leaves":1,"minecraft:sugar_cane":6,"minecraft:wall_torch":2,"minecraft:hay_block":14,"luminousworld:yellow_grassflowers":1,"minecraft:iron_ore":7,"minecraft:spruce_log":65,"born_in_chaos_v1:river_mint":1,"minecraft:grass":10,"minecraft:bookshelf":2,"minecraft:coal_ore":29,"minecraft:vine":1,"minecraft:dirt":3,"minecraft:stone":31,"minecraft:fern":1},"minecraft:picked_up":{"born_in_chaos_v1:river_mint":1,"aether:iron_gloves":1,"minecraft:dirt":2,"minecraft:lantern":1,"minecraft:wheat_seeds":5,"minecraft:rose_bush":1,"quark:yellow_blossom_sapling":8,"luminousworld:white_petunias":7,"minecraft:sugar_cane":12,"minecraft:book":6,"minecraft:stick":3,"minecraft:raw_iron":7,"iceandfire:ghost_chest":1,"minecraft:cooked_porkchop":3,"minecraft:torch":3,"quark:blossom_log":95,"minecraft:porkchop":3,"minecraft:spruce_sapling":10,"minecraft:blast_furnace":2,"minecraft:spruce_log":40,"minecraft:white_bed":1,"minecraft:stone_pressure_plate":2,"luminousworld:grassflowers":4,"luminousworld:yellow_grassflowers":1,"minecraft:chainmail_leggings":1,"minecraft:hay_block":14,"alexsmobs:flying_fish":1,"minecraft:skeleton_skull":1,"minecraft:coal":56,"minecraft:cobblestone":32},"minecraft:broken":{"minecraft:wooden_axe":1}},"DataVersion":3465}