{"stats":{"minecraft:crafted":{"quark:blossom_planks":124,"minecraft:crafting_table":3,"minecraft:spruce_planks":20,"minecraft:wooden_pickaxe":1,"minecraft:bucket":1,"minecraft:stone_axe":2,"minecraft:bread":33,"minecraft:air":0,"minecraft:stick":12,"minecraft:iron_ingot":6,"minecraft:iron_pickaxe":1,"minecraft:stone_pickaxe":1,"minecraft:wooden_axe":1,"minecraft:torch":4,"minecraft:wheat":99},"minecraft:custom":{"minecraft:interact_with_furnace":1,"minecraft:mob_kills":5,"minecraft:interact_with_crafting_table":7,"minecraft:open_barrel":1,"minecraft:interact_with_campfire":3,"minecraft:leave_game":4,"minecraft:time_since_death":15492,"minecraft:sleep_in_bed":5,"minecraft:climb_one_cm":16674,"minecraft:time_since_rest":9313,"minecraft:sprint_one_cm":273059,"minecraft:damage_taken":1419,"minecraft:walk_one_cm":91133,"minecraft:trigger_trapped_chest":2,"minecraft:damage_dealt":1313,"minecraft:drop":43,"minecraft:swim_one_cm":35960,"minecraft:talked_to_villager":2,"minecraft:fly_one_cm":350774,"minecraft:open_chest":9,"minecraft:play_time":59924,"minecraft:crouch_one_cm":16015,"tombstone:undead_killed":2,"minecraft:deaths":3,"minecraft:sneak_time":4613,"minecraft:walk_under_water_one_cm":6549,"minecraft:jump":1543,"minecraft:interact_with_blast_furnace":3,"minecraft:walk_on_water_one_cm":8556,"minecraft:total_world_time":59924,"minecraft:fall_one_cm":48570},"minecraft:mined":{"minecraft:spruce_planks":4,"minecraft:stone_pressure_plate":1,"minecraft:white_bed":1,"iceandfire:graveyard_soil":1,"minecraft:mossy_cobblestone":1,"minecraft:deepslate_diamond_ore":3,"luminousworld:autumnleaves":3,"iceandfire:copper_pile":2,"ecologics:thin_ice":1,"minecraft:torch":2,"minecraft:blast_furnace":2,"minecraft:grass_block":2,"iceandfire:ghost_chest":1,"minecraft:rose_bush":1,"quark:blossom_log":95,"luminousworld:grassvariant_2":4,"minecraft:tall_grass":8,"minecraft:cobblestone":2,"minecraft:spruce_leaves":1,"minecraft:sugar_cane":6,"minecraft:wall_torch":3,"minecraft:hay_block":15,"luminousworld:yellow_grassflowers":1,"minecraft:iron_ore":8,"minecraft:sweet_berry_bush":1,"minecraft:spruce_log":65,"born_in_chaos_v1:river_mint":1,"minecraft:grass":11,"minecraft:bookshelf":6,"minecraft:coal_ore":41,"iceandfire:silver_pile":3,"iceandfire:gold_pile":3,"minecraft:vine":2,"minecraft:dirt":3,"minecraft:stone":61,"minecraft:fern":1},"minecraft:killed":{"born_in_chaos_v1:dread_hound":1,"iceandfire:ghost":2,"alexsmobs:flying_fish":1,"enemyexpansion:wasp":1},"minecraft:broken":{"minecraft:stone_axe":1,"minecraft:wooden_axe":1},"minecraft:dropped":{"iceandfire:silver_nugget":10,"minecraft:bread":11,"minecraft:wheat_seeds":3,"alexsmobs:animal_dictionary":1,"luminousworld:white_petunias":7,"born_in_chaos_v1:monster_flesh":1,"luminousworld:grassflowers":4,"born_in_chaos_v1:river_mint":1,"aether:iron_gloves":1,"iceandfire:copper_nugget":28,"minecraft:spruce_planks":6,"minecraft:skeleton_skull":1,"tombstone:grave_dust":1,"minecraft:gold_nugget":18,"minecraft:spruce_log":35},"minecraft:killed_by":{"iceandfire:ghost":1},"minecraft:used":{"minecraft:water_bucket":11,"minecraft:rose_bush":1,"minecraft:stone_pickaxe":57,"minecraft:wooden_pickaxe":17,"minecraft:torch":8,"minecraft:dirt":2,"minecraft:crafting_table":3,"minecraft:blast_furnace":1,"minecraft:white_bed":1,"alexsmobs:flying_fish":1,"minecraft:wooden_axe":64,"minecraft:bread":17,"minecraft:iron_pickaxe":61,"minecraft:lantern":1,"iceandfire:ghost_chest":1,"minecraft:spruce_sapling":10,"minecraft:stone_axe":124,"minecraft:cobblestone":29,"minecraft:hay_block":2,"minecraft:cooked_porkchop":3,"minecraft:bucket":12,"quark:blossom_planks":30,"tombstone:gift":2,"alexsmobs:animal_dictionary":1,"minecraft:stone_pressure_plate":1,"minecraft:chainmail_leggings":1},"minecraft:picked_up":{"born_in_chaos_v1:river_mint":1,"born_in_chaos_v1:monster_flesh":1,"aether:iron_gloves":1,"minecraft:dirt":12,"minecraft:lantern":1,"minecraft:bone":1,"minecraft:wheat_seeds":6,"minecraft:gold_nugget":18,"minecraft:spruce_planks":3,"minecraft:rose_bush":1,"quark:yellow_blossom_sapling":8,"luminousworld:white_petunias":7,"minecraft:sugar_cane":12,"minecraft:book":18,"minecraft:stick":3,"minecraft:raw_iron":8,"iceandfire:copper_nugget":29,"iceandfire:ghost_chest":1,"minecraft:cooked_porkchop":3,"minecraft:sweet_berries":3,"minecraft:torch":5,"quark:blossom_log":95,"minecraft:porkchop":3,"minecraft:spruce_sapling":10,"minecraft:blast_furnace":2,"minecraft:spruce_log":40,"minecraft:white_bed":1,"minecraft:stone_pressure_plate":2,"luminousworld:grassflowers":4,"luminousworld:yellow_grassflowers":1,"minecraft:diamond":3,"minecraft:chainmail_leggings":1,"minecraft:iron_helmet":1,"minecraft:hay_block":15,"iceandfire:silver_nugget":10,"minecraft:skeleton_skull":1,"minecraft:coal":75,"alexsmobs:flying_fish":1,"minecraft:cobblestone":62}},"DataVersion":3465}