{"stats":{"minecraft:crafted":{"quark:blossom_planks":124,"minecraft:crafting_table":3,"minecraft:spruce_planks":20,"minecraft:wooden_pickaxe":1,"minecraft:bucket":1,"minecraft:stone_axe":2,"minecraft:bread":39,"minecraft:air":0,"minecraft:stick":12,"minecraft:iron_ingot":6,"minecraft:iron_pickaxe":1,"minecraft:stone_pickaxe":1,"minecraft:wooden_axe":1,"minecraft:torch":4,"iceandfire:silver_sword":1,"minecraft:wheat":117},"minecraft:custom":{"minecraft:interact_with_furnace":3,"minecraft:mob_kills":9,"minecraft:interact_with_crafting_table":10,"minecraft:open_barrel":1,"minecraft:interact_with_campfire":3,"minecraft:leave_game":5,"minecraft:time_since_death":1017,"minecraft:sleep_in_bed":7,"minecraft:climb_one_cm":16818,"minecraft:time_since_rest":1,"minecraft:damage_taken":2210,"minecraft:sprint_one_cm":332897,"minecraft:walk_one_cm":157214,"minecraft:trigger_trapped_chest":2,"minecraft:damage_dealt":1533,"minecraft:drop":48,"minecraft:swim_one_cm":45629,"minecraft:fly_one_cm":430444,"minecraft:talked_to_villager":2,"minecraft:open_chest":12,"minecraft:play_time":88061,"minecraft:crouch_one_cm":21226,"tombstone:undead_killed":2,"minecraft:deaths":4,"minecraft:sneak_time":5833,"minecraft:walk_under_water_one_cm":8759,"minecraft:jump":2268,"minecraft:interact_with_blast_furnace":3,"minecraft:walk_on_water_one_cm":12844,"minecraft:total_world_time":88061,"minecraft:fall_one_cm":62631},"minecraft:mined":{"minecraft:spruce_planks":5,"minecraft:stone_pressure_plate":1,"minecraft:white_bed":1,"iceandfire:graveyard_soil":1,"minecraft:mossy_cobblestone":1,"minecraft:deepslate_diamond_ore":3,"luminousworld:autumnleaves":3,"iceandfire:copper_pile":2,"ecologics:thin_ice":1,"minecraft:cornflower":1,"minecraft:torch":2,"minecraft:blast_furnace":2,"minecraft:grass_block":3,"iceandfire:ghost_chest":1,"minecraft:rose_bush":1,"quark:blossom_log":95,"luminousworld:grassvariant_2":6,"minecraft:tall_grass":8,"minecraft:cobblestone":6,"minecraft:spruce_leaves":1,"minecraft:sugar_cane":8,"minecraft:wall_torch":3,"minecraft:hay_block":15,"luminousworld:yellow_grassflowers":1,"minecraft:iron_ore":8,"minecraft:sweet_berry_bush":4,"minecraft:spruce_log":65,"born_in_chaos_v1:river_mint":1,"quark:blossom_planks":2,"minecraft:grass":11,"minecraft:bookshelf":6,"minecraft:coal_ore":41,"iceandfire:silver_pile":3,"iceandfire:gold_pile":3,"minecraft:vine":2,"minecraft:dirt":3,"minecraft:stone":61,"minecraft:oak_leaves":8,"minecraft:fern":1},"minecraft:killed":{"alexsmobs:hummingbird":1,"naturalist:bluejay":3,"born_in_chaos_v1:dread_hound":1,"iceandfire:ghost":2,"alexsmobs:flying_fish":1,"enemyexpansion:wasp":1},"minecraft:broken":{"minecraft:stone_axe":1,"minecraft:wooden_axe":1},"minecraft:dropped":{"iceandfire:silver_nugget":10,"minecraft:bread":11,"minecraft:wheat_seeds":3,"alexsmobs:animal_dictionary":1,"minecraft:diamond":1,"luminousworld:white_petunias":7,"quark:blossom_planks":1,"minecraft:feather":4,"born_in_chaos_v1:monster_flesh":1,"luminousworld:grassflowers":4,"born_in_chaos_v1:river_mint":1,"aether:iron_gloves":1,"iceandfire:copper_nugget":29,"minecraft:spruce_planks":6,"minecraft:skeleton_skull":1,"tombstone:grave_dust":1,"minecraft:gold_nugget":18,"minecraft:spruce_log":35,"luminousworld:clovers_1":1},"minecraft:killed_by":{"iceandfire:ghost":1,"iceandfire:fire_dragon":1},"minecraft:used":{"minecraft:water_bucket":15,"minecraft:rose_bush":1,"iceandfire:silver_sword":4,"minecraft:stone_pickaxe":57,"minecraft:wooden_pickaxe":17,"minecraft:torch":9,"minecraft:dirt":2,"minecraft:crafting_table":3,"minecraft:blast_furnace":1,"minecraft:white_bed":3,"alexsmobs:flying_fish":1,"minecraft:wooden_axe":64,"minecraft:iron_pickaxe":65,"minecraft:lantern":1,"minecraft:bread":29,"iceandfire:ghost_chest":1,"minecraft:spruce_sapling":10,"minecraft:stone_axe":127,"minecraft:cobblestone":31,"minecraft:hay_block":2,"minecraft:sweet_berries":9,"minecraft:oak_sapling":1,"minecraft:cooked_porkchop":3,"minecraft:bucket":16,"quark:blossom_planks":49,"tombstone:gift":2,"alexsmobs:animal_dictionary":1,"minecraft:stone_pressure_plate":1,"minecraft:chainmail_leggings":1},"minecraft:picked_up":{"minecraft:feather":4,"born_in_chaos_v1:river_mint":1,"born_in_chaos_v1:monster_flesh":1,"aether:iron_gloves":1,"minecraft:dirt":12,"minecraft:lantern":1,"minecraft:bone":1,"minecraft:wheat_seeds":6,"minecraft:gold_nugget":18,"minecraft:spruce_planks":4,"minecraft:rose_bush":1,"quark:yellow_blossom_sapling":8,"luminousworld:white_petunias":7,"minecraft:sugar_cane":19,"minecraft:book":18,"minecraft:stick":3,"minecraft:raw_iron":8,"iceandfire:copper_nugget":29,"iceandfire:ghost_chest":1,"luminousworld:clovers_1":1,"minecraft:cooked_porkchop":3,"minecraft:sweet_berries":6,"minecraft:torch":7,"quark:blossom_log":95,"minecraft:porkchop":3,"minecraft:spruce_sapling":10,"minecraft:blast_furnace":2,"minecraft:white_bed":3,"minecraft:spruce_log":40,"minecraft:stone_pressure_plate":2,"quark:blossom_planks":3,"luminousworld:grassflowers":4,"luminousworld:yellow_grassflowers":1,"minecraft:diamond":4,"minecraft:chainmail_leggings":1,"minecraft:hay_block":15,"minecraft:iron_helmet":1,"minecraft:oak_sapling":1,"iceandfire:silver_nugget":10,"minecraft:coal":75,"minecraft:skeleton_skull":1,"alexsmobs:flying_fish":1,"minecraft:cobblestone":67}},"DataVersion":3465}