{"stats":{"minecraft:dropped":{"luminousworld:grassflowers":4,"minecraft:wheat_seeds":3,"born_in_chaos_v1:river_mint":1,"alexsmobs:animal_dictionary":1,"luminousworld:white_petunias":5,"tombstone:grave_dust":1},"minecraft:custom":{"minecraft:time_since_rest":2021,"minecraft:sprint_one_cm":79204,"minecraft:damage_taken":375,"minecraft:walk_one_cm":24349,"minecraft:drop":8,"minecraft:damage_dealt":19,"minecraft:talked_to_villager":1,"minecraft:swim_one_cm":8852,"minecraft:interact_with_crafting_table":1,"minecraft:fly_one_cm":138939,"minecraft:open_chest":3,"minecraft:crouch_one_cm":708,"minecraft:play_time":14336,"minecraft:interact_with_campfire":3,"minecraft:deaths":2,"minecraft:sneak_time":367,"minecraft:walk_under_water_one_cm":720,"minecraft:jump":479,"minecraft:leave_game":2,"minecraft:walk_on_water_one_cm":1085,"minecraft:time_since_death":8107,"minecraft:sleep_in_bed":3,"minecraft:climb_one_cm":600,"minecraft:total_world_time":14336,"minecraft:fall_one_cm":14421},"minecraft:used":{"minecraft:wooden_axe":64,"minecraft:crafting_table":1,"minecraft:cooked_porkchop":2,"tombstone:gift":2,"alexsmobs:animal_dictionary":1},"minecraft:crafted":{"minecraft:crafting_table":1,"minecraft:spruce_planks":20,"minecraft:stick":4,"minecraft:wooden_axe":1},"minecraft:mined":{"luminousworld:yellow_grassflowers":1,"luminousworld:autumnleaves":3,"minecraft:spruce_log":65,"born_in_chaos_v1:river_mint":1,"ecologics:thin_ice":1,"minecraft:grass":8,"minecraft:grass_block":2,"luminousworld:grassvariant_2":3,"minecraft:tall_grass":4,"minecraft:spruce_leaves":1},"minecraft:picked_up":{"minecraft:stick":3,"minecraft:cooked_porkchop":3,"born_in_chaos_v1:river_mint":1,"minecraft:porkchop":3,"minecraft:spruce_sapling":9,"minecraft:spruce_log":40,"minecraft:dirt":2,"minecraft:stone_pressure_plate":1,"luminousworld:grassflowers":4,"luminousworld:yellow_grassflowers":1,"minecraft:wheat_seeds":3,"luminousworld:white_petunias":5},"minecraft:broken":{"minecraft:wooden_axe":1}},"DataVersion":3465}