{"stats":{"minecraft:killed":{"luminousworld:miner_zombie":2,"minecraft:skeleton":1,"artifacts:mimic":1,"luminousworld:firefly":1,"minecraft:husk":2,"minecraft:zombie":1,"born_in_chaos_v1:dread_hound":1,"born_in_chaos_v1:corpse_fly":1,"minecraft:cow":9},"minecraft:mined":{"minecraft:waxed_cut_copper_slab":1,"iceandfire:silver_ore":1,"born_in_chaos_v1:infected_diamond_ore":2,"minecraft:granite":7,"minecraft:grass_block":3,"minecraft:spruce_leaves":5,"minecraft:furnace":2,"undead_revamp2:bostroxore":5,"minecraft:iron_ore":25,"minecraft:andesite":1,"minecraft:nether_brick_stairs":1,"minecraft:bookshelf":23,"minecraft:cave_vines":3,"minecraft:deepslate_iron_ore":1,"minecraft:stone":67,"minecraft:flowering_azalea":1,"minecraft:brown_mushroom":1,"minecraft:smoker":1,"minecraft:crafting_table":3,"minecraft:blast_furnace":4,"minecraft:tall_grass":2,"minecraft:copper_ore":2,"minecraft:cobblestone":2,"minecraft:lapis_ore":4,"minecraft:wall_torch":2,"supplementaries:urn":2,"minecraft:coarse_dirt":1,"minecraft:sweet_berry_bush":4,"minecraft:spruce_log":17,"minecraft:yellow_bed":3,"minecraft:grass":3,"minecraft:coal_ore":25,"minecraft:oak_log":6,"luminousworld:ishstone":7,"minecraft:dirt":10,"minecraft:cobweb":1,"minecraft:gold_ore":2},"minecraft:killed_by":{"minecraft:skeleton":1,"minecraft:zombie":1},"minecraft:crafted":{"minecraft:oak_planks":4,"minecraft:furnace":1,"minecraft:iron_axe":1,"minecraft:stone_pickaxe":1,"minecraft:smoker":1,"minecraft:cooked_beef":18,"minecraft:crafting_table":3,"minecraft:spruce_planks":64,"minecraft:wooden_pickaxe":1,"minecraft:iron_sword":1,"minecraft:air":0,"minecraft:iron_chestplate":1,"minecraft:shield":1,"minecraft:stick":12,"minecraft:iron_ingot":26,"minecraft:iron_pickaxe":1,"minecraft:wooden_axe":1,"minecraft:stone_sword":1},"minecraft:custom":{"minecraft:mob_kills":22,"minecraft:interact_with_crafting_table":13,"minecraft:open_barrel":18,"minecraft:damage_dealt_resisted":89,"minecraft:eat_cake_slice":8,"minecraft:leave_game":1,"minecraft:time_since_death":11731,"minecraft:climb_one_cm":2202,"minecraft:damage_resisted":60,"minecraft:sprint_one_cm":189465,"minecraft:walk_one_cm":141316,"minecraft:damage_blocked_by_shield":555,"minecraft:drop":28,"minecraft:play_noteblock":1,"minecraft:play_time":54710,"minecraft:deaths":3,"minecraft:sneak_time":2539,"minecraft:walk_under_water_one_cm":1415,"minecraft:interact_with_lectern":1,"minecraft:jump":1173,"minecraft:interact_with_blast_furnace":4,"minecraft:walk_on_water_one_cm":7139,"minecraft:total_world_time":54710,"minecraft:interact_with_furnace":21,"minecraft:interact_with_cartography_table":1,"minecraft:tune_noteblock":1,"minecraft:sleep_in_bed":4,"minecraft:time_since_rest":10971,"minecraft:damage_taken":2281,"minecraft:damage_dealt":3788,"minecraft:swim_one_cm":2975,"minecraft:fly_one_cm":195332,"minecraft:open_chest":5,"minecraft:crouch_one_cm":7108,"tombstone:undead_killed":6,"minecraft:interact_with_smoker":4,"minecraft:fall_one_cm":31963},"minecraft:used":{"minecraft:stone_sword":27,"minecraft:spruce_planks":3,"minecraft:shield":6,"minecraft:iron_sword":27,"minecraft:torch":10,"minecraft:dirt":8,"minecraft:granite":5,"minecraft:wooden_axe":37,"luminousworld:blueberry":4,"minecraft:iron_axe":32,"minecraft:waxed_cut_copper_slab":1,"minecraft:sweet_berries":38,"supplementaries:ash":7,"minecraft:furnace":2,"tombstone:gift":2,"minecraft:cooked_beef":9,"minecraft:stone_pickaxe":14,"minecraft:wooden_pickaxe":11,"luminousworld:ishstone":7,"minecraft:crafting_table":6,"minecraft:mushroom_stew":1,"minecraft:blast_furnace":1,"minecraft:cake":2,"minecraft:smoker":1,"minecraft:apple":5,"born_in_chaos_v1:monster_flesh":1,"minecraft:iron_pickaxe":143,"minecraft:cobblestone":119,"minecraft:potion":2,"minecraft:andesite":1,"minecraft:yellow_bed":4,"alexsmobs:animal_dictionary":2},"minecraft:dropped":{"minecraft:nether_brick_stairs":1,"minecraft:iron_ingot":9,"minecraft:glass_bottle":4,"minecraft:cobblestone":2,"minecraft:granite":2,"tombstone:grave_dust":4,"minecraft:flowering_azalea":1,"minecraft:glistering_melon_slice":1,"minecraft:gravel":2,"minecraft:coarse_dirt":1,"minecraft:stone_sword":2,"minecraft:raw_copper":8,"minecraft:bowl":1,"minecraft:rotten_flesh":1,"minecraft:big_dripleaf":3,"supplementaries:ash":3,"aether:chainmail_gloves":1,"born_in_chaos_v1:corpse_maggot":2,"minecraft:arrow":1,"minecraft:wooden_pickaxe":1},"minecraft:broken":{"minecraft:wooden_axe":1},"minecraft:picked_up":{"minecraft:crafting_table":3,"minecraft:coarse_dirt":1,"minecraft:brown_mushroom":1,"minecraft:potion":1,"minecraft:waxed_cut_copper_slab":1,"minecraft:raw_copper":6,"artifacts:aqua_dashers":1,"minecraft:beef":33,"minecraft:furnace":2,"minecraft:raw_iron":26,"minecraft:big_dripleaf":3,"minecraft:torch":13,"sophisticatedbackpacks:backpack":1,"tombstone:grave_dust":3,"minecraft:stone_sword":1,"minecraft:arrow":2,"minecraft:rotten_flesh":8,"supplementaries:ash":10,"minecraft:glow_berries":2,"minecraft:cobblestone":74,"born_in_chaos_v1:corpse_maggot":2,"born_in_chaos_v1:monster_flesh":1,"minecraft:andesite":1,"luminousworld:ishstone":7,"minecraft:leather":9,"minecraft:smoker":1,"minecraft:oak_log":5,"minecraft:yellow_bed":4,"minecraft:lapis_lazuli":20,"minecraft:dirt":10,"minecraft:bone":4,"minecraft:wheat_seeds":1,"minecraft:raw_gold":2,"minecraft:glass_bottle":2,"minecraft:flowering_azalea":1,"minecraft:book":66,"minecraft:sweet_berries":30,"minecraft:gravel":2,"minecraft:spruce_sapling":1,"minecraft:nether_brick_stairs":1,"minecraft:blast_furnace":10,"minecraft:spruce_log":16,"undead_revamp2:heavytooth":1,"undead_revamp2:rawbostrox":8,"luminousworld:blueberry":4,"minecraft:granite":7,"minecraft:coal":89,"iceandfire:raw_silver":1}},"DataVersion":3465}