{"stats":{"minecraft:crafted":{"minecraft:oak_planks":24,"minecraft:crafting_table":1,"minecraft:wooden_pickaxe":1,"minecraft:bread":12,"minecraft:stick":4,"minecraft:stone_pickaxe":1,"minecraft:wooden_axe":1},"minecraft:custom":{"minecraft:interact_with_furnace":2,"minecraft:mob_kills":3,"minecraft:interact_with_crafting_table":4,"minecraft:interact_with_campfire":1,"minecraft:leave_game":2,"minecraft:time_since_death":4097,"minecraft:sleep_in_bed":1,"minecraft:climb_one_cm":847,"minecraft:time_since_rest":2855,"minecraft:sprint_one_cm":126755,"minecraft:damage_taken":1270,"minecraft:walk_one_cm":60846,"minecraft:drop":13,"minecraft:damage_dealt":529,"minecraft:swim_one_cm":5429,"minecraft:talked_to_villager":2,"minecraft:fly_one_cm":214172,"minecraft:open_chest":14,"minecraft:crouch_one_cm":312,"minecraft:play_time":39683,"minecraft:deaths":3,"minecraft:sneak_time":260,"minecraft:walk_under_water_one_cm":2078,"minecraft:jump":725,"minecraft:walk_on_water_one_cm":5792,"minecraft:total_world_time":39683,"minecraft:fall_one_cm":16945},"minecraft:mined":{"minecraft:white_bed":1,"iceandfire:silver_ore":3,"luminousworld:autumnleaves":1,"minecraft:crafting_table":3,"minecraft:cornflower":4,"minecraft:torch":2,"minecraft:grass_block":1,"quark:blossom_log":3,"luminousworld:grassvariant_2":1,"minecraft:tall_grass":1,"minecraft:spruce_leaves":3,"placeablesmod:bread_full_block":1,"minecraft:wall_torch":1,"luminousworld:whiteoaklog":11,"minecraft:furnace":2,"minecraft:sweet_berry_bush":11,"minecraft:spruce_log":9,"minecraft:grass":7,"minecraft:oak_log":6,"minecraft:dirt":1,"minecraft:stone":47,"minecraft:oak_leaves":1,"minecraft:fern":2},"minecraft:killed":{"minecraft:pig":1,"minecraft:spider":1,"mowziesmobs:naga":1},"minecraft:dropped":{"minecraft:wheat_seeds":2,"minecraft:oak_log":1,"tombstone:gift":1,"minecraft:lantern":2,"minecraft:honeycomb":3,"minecraft:dark_oak_fence_gate":1,"minecraft:stone_button":9,"tombstone:grave_key":1,"minecraft:stone_brick_wall":1,"minecraft:oak_stairs":2,"minecraft:stone_bricks":2,"minecraft:birch_log":1},"minecraft:killed_by":{"iceandfire:fire_dragon":1},"minecraft:used":{"minecraft:stone_pickaxe":30,"minecraft:wooden_pickaxe":26,"minecraft:torch":3,"minecraft:dirt":2,"minecraft:crafting_table":3,"minecraft:wooden_axe":47,"minecraft:bread":10,"minecraft:cooked_porkchop":1},"minecraft:picked_up":{"minecraft:birch_log":1,"luminousworld:groundpebbles_1":1,"minecraft:crafting_table":3,"minecraft:lilac":5,"minecraft:oak_stairs":2,"minecraft:stone_brick_wall":1,"minecraft:oak_log":8,"minecraft:cornflower":6,"minecraft:dirt":2,"minecraft:lantern":2,"minecraft:stone_bricks":2,"minecraft:wheat_seeds":5,"minecraft:oak_planks":1,"minecraft:honeycomb":6,"minecraft:furnace":2,"minecraft:stick":2,"minecraft:cooked_porkchop":1,"minecraft:sweet_berries":36,"minecraft:torch":3,"minecraft:porkchop":1,"quark:blossom_log":3,"minecraft:stone_button":9,"minecraft:spruce_sapling":3,"minecraft:white_bed":1,"minecraft:spruce_log":9,"minecraft:dark_oak_fence_gate":1,"luminousworld:whiteoaklog":11,"luminousworld:white_oak_sapling":2,"minecraft:bread":1,"iceandfire:raw_silver":3,"minecraft:cobblestone":47}},"DataVersion":3465}