{"stats":{"minecraft:crafted":{"minecraft:oak_planks":24,"minecraft:crafting_table":1,"minecraft:wooden_pickaxe":1,"minecraft:bread":12,"minecraft:stick":4,"minecraft:stone_pickaxe":1,"minecraft:wooden_axe":1},"minecraft:custom":{"minecraft:interact_with_furnace":2,"minecraft:mob_kills":14,"minecraft:interact_with_crafting_table":4,"minecraft:interact_with_campfire":1,"minecraft:leave_game":2,"minecraft:time_since_death":3123,"minecraft:sleep_in_bed":1,"minecraft:climb_one_cm":847,"minecraft:time_since_rest":2443,"minecraft:sprint_one_cm":163594,"minecraft:damage_taken":2360,"minecraft:walk_one_cm":91089,"minecraft:drop":17,"minecraft:damage_dealt":3785,"minecraft:swim_one_cm":5429,"minecraft:talked_to_villager":2,"minecraft:fly_one_cm":265516,"minecraft:open_chest":26,"minecraft:crouch_one_cm":1553,"minecraft:play_time":51683,"tombstone:undead_killed":10,"minecraft:deaths":6,"minecraft:sneak_time":479,"minecraft:walk_under_water_one_cm":2078,"minecraft:jump":1044,"minecraft:walk_on_water_one_cm":9758,"minecraft:total_world_time":51683,"minecraft:fall_one_cm":23009},"minecraft:mined":{"minecraft:white_bed":1,"iceandfire:silver_ore":3,"luminousworld:autumnleaves":1,"minecraft:crafting_table":3,"minecraft:cornflower":4,"minecraft:torch":3,"minecraft:grass_block":1,"quark:blossom_log":3,"luminousworld:grassvariant_2":2,"minecraft:tall_grass":2,"minecraft:cobblestone":2,"minecraft:spruce_leaves":3,"placeablesmod:bread_full_block":1,"minecraft:wall_torch":1,"luminousworld:whiteoaklog":11,"minecraft:spruce_stairs":1,"minecraft:furnace":2,"minecraft:sweet_berry_bush":11,"minecraft:spruce_log":9,"minecraft:bookshelf":4,"minecraft:grass":14,"minecraft:coal_ore":15,"minecraft:oak_log":6,"iceandfire:gold_pile":9,"minecraft:dirt":1,"luminousworld:grassvariant_3":1,"minecraft:stone":51,"minecraft:oak_leaves":1,"minecraft:fern":2},"minecraft:killed":{"minecraft:pig":1,"undead_revamp2:thehunter":1,"undead_revamp2:the_moonflower":2,"minecraft:spider":1,"born_in_chaos_v1:siamese_skeletonsright":1,"born_in_chaos_v1:zombie_bruiser":1,"born_in_chaos_v1:maggot":1,"minecraft:zombie":3,"undead_revamp2:sucker":1,"born_in_chaos_v1:siamese_skeletonsleft":1,"mowziesmobs:naga":1},"minecraft:dropped":{"minecraft:wheat_seeds":2,"minecraft:oak_log":1,"tombstone:gift":1,"minecraft:iron_helmet":2,"minecraft:lantern":2,"minecraft:honeycomb":3,"minecraft:dark_oak_fence_gate":1,"aether:iron_gloves":1,"minecraft:stone_button":9,"tombstone:grave_key":1,"minecraft:iron_chestplate":1,"minecraft:stone_brick_wall":1,"minecraft:oak_stairs":2,"minecraft:stone_bricks":2,"minecraft:birch_log":1},"minecraft:used":{"minecraft:stone_pickaxe":63,"minecraft:oak_planks":2,"minecraft:wooden_pickaxe":26,"minecraft:iron_sword":63,"minecraft:torch":4,"minecraft:dirt":2,"minecraft:crafting_table":3,"minecraft:wooden_axe":52,"minecraft:bread":12,"minecraft:sweet_berries":23,"minecraft:cooked_porkchop":1,"tombstone:gift":1,"undead_revamp2:arapholia":1},"minecraft:killed_by":{"undead_revamp2:thehunter":2,"born_in_chaos_v1:dread_hound":1,"iceandfire:fire_dragon":1},"minecraft:picked_up":{"born_in_chaos_v1:fused_bone":2,"minecraft:birch_log":1,"luminousworld:groundpebbles_1":1,"minecraft:crafting_table":3,"minecraft:lilac":5,"aether:iron_gloves":1,"minecraft:oak_stairs":2,"minecraft:stone_brick_wall":1,"minecraft:oak_log":8,"minecraft:cornflower":6,"minecraft:dirt":2,"minecraft:lantern":2,"minecraft:bone":1,"minecraft:stone_bricks":2,"minecraft:gold_nugget":78,"minecraft:wheat_seeds":5,"minecraft:oak_planks":1,"minecraft:honeycomb":6,"minecraft:furnace":2,"minecraft:book":12,"minecraft:stick":2,"minecraft:cooked_porkchop":1,"minecraft:sweet_berries":36,"minecraft:torch":4,"minecraft:spruce_stairs":1,"minecraft:porkchop":1,"quark:blossom_log":3,"minecraft:stone_button":9,"minecraft:spruce_sapling":3,"tombstone:grave_dust":2,"minecraft:white_bed":1,"minecraft:spruce_log":9,"minecraft:dark_oak_fence_gate":1,"luminousworld:whiteoaklog":11,"luminousworld:white_oak_sapling":2,"minecraft:rotten_flesh":5,"minecraft:bread":1,"undead_revamp2:arapholia":1,"minecraft:coal":15,"iceandfire:raw_silver":3,"minecraft:cobblestone":54}},"DataVersion":3465}