{"stats":{"minecraft:dropped":{"minecraft:wheat_seeds":2,"tombstone:grave_key":1,"tombstone:gift":1,"minecraft:honeycomb":3},"minecraft:custom":{"minecraft:time_since_rest":13674,"minecraft:interact_with_furnace":2,"minecraft:sprint_one_cm":100929,"minecraft:damage_taken":880,"minecraft:walk_one_cm":53166,"minecraft:mob_kills":2,"minecraft:drop":5,"minecraft:damage_dealt":369,"minecraft:interact_with_crafting_table":4,"minecraft:swim_one_cm":5429,"minecraft:fly_one_cm":192484,"minecraft:talked_to_villager":1,"minecraft:open_chest":6,"minecraft:crouch_one_cm":209,"minecraft:play_time":34576,"minecraft:interact_with_campfire":1,"minecraft:deaths":2,"minecraft:sneak_time":220,"minecraft:walk_under_water_one_cm":2078,"minecraft:jump":595,"minecraft:leave_game":2,"minecraft:time_since_death":17784,"minecraft:walk_on_water_one_cm":4247,"minecraft:sleep_in_bed":1,"minecraft:total_world_time":34576,"minecraft:climb_one_cm":847,"minecraft:fall_one_cm":14909},"minecraft:killed":{"minecraft:pig":1,"mowziesmobs:naga":1},"minecraft:used":{"minecraft:wooden_axe":45,"minecraft:stone_pickaxe":30,"minecraft:bread":8,"minecraft:wooden_pickaxe":26,"minecraft:torch":3,"minecraft:dirt":2,"minecraft:crafting_table":3,"minecraft:cooked_porkchop":1},"minecraft:crafted":{"minecraft:oak_planks":24,"minecraft:crafting_table":1,"minecraft:stick":4,"minecraft:wooden_pickaxe":1,"minecraft:stone_pickaxe":1,"minecraft:wooden_axe":1,"minecraft:bread":12},"minecraft:picked_up":{"minecraft:stick":2,"minecraft:crafting_table":3,"minecraft:cooked_porkchop":1,"minecraft:sweet_berries":36,"minecraft:torch":3,"quark:blossom_log":3,"minecraft:porkchop":1,"minecraft:oak_log":6,"minecraft:spruce_sapling":3,"minecraft:white_bed":1,"minecraft:spruce_log":9,"minecraft:cornflower":2,"minecraft:dirt":2,"luminousworld:whiteoaklog":11,"luminousworld:white_oak_sapling":2,"minecraft:wheat_seeds":2,"minecraft:honeycomb":6,"minecraft:cobblestone":47,"iceandfire:raw_silver":3,"minecraft:furnace":2},"minecraft:mined":{"luminousworld:whiteoaklog":11,"minecraft:white_bed":1,"minecraft:furnace":2,"iceandfire:silver_ore":3,"luminousworld:autumnleaves":1,"minecraft:sweet_berry_bush":11,"minecraft:spruce_log":9,"minecraft:torch":2,"minecraft:crafting_table":3,"minecraft:cornflower":4,"minecraft:grass":7,"minecraft:grass_block":1,"minecraft:oak_log":6,"minecraft:dirt":1,"quark:blossom_log":3,"luminousworld:grassvariant_2":1,"minecraft:tall_grass":1,"minecraft:spruce_leaves":3,"minecraft:stone":47,"minecraft:wall_torch":1,"minecraft:oak_leaves":1,"minecraft:fern":2}},"DataVersion":3465}