{"stats":{"minecraft:dropped":{"minecraft:wheat_seeds":2,"tombstone:grave_key":1,"tombstone:gift":1},"minecraft:custom":{"minecraft:time_since_rest":2021,"minecraft:sprint_one_cm":39395,"minecraft:damage_taken":610,"minecraft:walk_one_cm":19963,"minecraft:mob_kills":1,"minecraft:drop":4,"minecraft:damage_dealt":59,"minecraft:talked_to_villager":1,"minecraft:swim_one_cm":5429,"minecraft:interact_with_crafting_table":3,"minecraft:fly_one_cm":151974,"minecraft:open_chest":4,"minecraft:crouch_one_cm":127,"minecraft:play_time":22923,"minecraft:interact_with_campfire":1,"minecraft:deaths":2,"minecraft:sneak_time":169,"minecraft:walk_under_water_one_cm":2078,"minecraft:jump":373,"minecraft:walk_on_water_one_cm":4247,"minecraft:time_since_death":6131,"minecraft:sleep_in_bed":1,"minecraft:total_world_time":22923,"minecraft:climb_one_cm":398,"minecraft:fall_one_cm":10585},"minecraft:killed":{"minecraft:pig":1},"minecraft:used":{"minecraft:wooden_axe":7,"minecraft:bread":1,"minecraft:crafting_table":2},"minecraft:crafted":{"minecraft:oak_planks":24,"minecraft:crafting_table":1,"minecraft:stick":4,"minecraft:wooden_pickaxe":1,"minecraft:wooden_axe":1,"minecraft:bread":12},"minecraft:mined":{"minecraft:cornflower":3,"minecraft:crafting_table":2,"minecraft:grass":6,"minecraft:oak_log":6,"quark:blossom_log":3,"luminousworld:grassvariant_2":1,"minecraft:tall_grass":1,"minecraft:oak_leaves":1},"minecraft:picked_up":{"minecraft:crafting_table":2,"minecraft:porkchop":1,"quark:blossom_log":3,"minecraft:oak_log":6,"minecraft:cornflower":1,"minecraft:wheat_seeds":2}},"DataVersion":3465}