{"stats":{"minecraft:custom":{"minecraft:time_since_rest":2167,"minecraft:crouch_one_cm":121,"minecraft:play_time":19276,"minecraft:sprint_one_cm":33471,"minecraft:walk_one_cm":11992,"minecraft:damage_taken":430,"minecraft:deaths":2,"minecraft:sneak_time":132,"minecraft:walk_under_water_one_cm":2078,"minecraft:drop":4,"minecraft:jump":355,"minecraft:damage_dealt":19,"minecraft:time_since_death":2484,"minecraft:walk_on_water_one_cm":4247,"minecraft:total_world_time":19276,"minecraft:interact_with_crafting_table":2,"minecraft:talked_to_villager":1,"minecraft:fly_one_cm":148014,"minecraft:fall_one_cm":9331,"minecraft:swim_one_cm":5429},"minecraft:crafted":{"minecraft:oak_planks":24,"minecraft:crafting_table":1,"minecraft:wooden_pickaxe":1,"minecraft:stick":4,"minecraft:wooden_axe":1},"minecraft:picked_up":{"minecraft:crafting_table":1,"minecraft:wheat_seeds":2,"quark:blossom_log":3,"minecraft:oak_log":6,"minecraft:cornflower":1},"minecraft:mined":{"minecraft:grass":6,"minecraft:oak_log":6,"quark:blossom_log":3,"luminousworld:grassvariant_2":1,"minecraft:tall_grass":1,"minecraft:crafting_table":1,"minecraft:oak_leaves":1,"minecraft:cornflower":3},"minecraft:used":{"minecraft:wooden_axe":5,"minecraft:crafting_table":1},"minecraft:dropped":{"minecraft:wheat_seeds":2,"tombstone:grave_key":1,"tombstone:gift":1}},"DataVersion":3465}