{"stats":{"minecraft:picked_up":{"minecraft:wooden_axe":2,"minecraft:crafting_table":3,"born_in_chaos_v1:corpse_maggot":1,"luminousworld:groundpebbles_1":11,"minecraft:birch_door":2,"minecraft:coarse_dirt":1,"minecraft:chainmail_boots":1,"minecraft:wooden_pickaxe":1,"minecraft:chainmail_chestplate":1,"minecraft:dirt":5,"minecraft:iron_axe":1,"minecraft:bone":9,"minecraft:cyan_carpet":3,"minecraft:wheat_seeds":1,"minecraft:spruce_planks":1,"tombstone:bag_of_seeds":1,"minecraft:calcite":2,"quark:black_shard":7,"minecraft:glass_bottle":1,"minecraft:book":42,"minecraft:sweet_berries":57,"minecraft:torch":3,"minecraft:spruce_sapling":3,"tombstone:grave_dust":7,"minecraft:blast_furnace":1,"minecraft:spruce_log":40,"minecraft:cyan_bed":3,"minecraft:bundle":2,"minecraft:arrow":14,"minecraft:rotten_flesh":37,"luminousworld:blueberry":1,"minecraft:hay_block":9,"minecraft:spruce_sign":5,"minecraft:bread":1,"tombstone:magic_scroll":1,"minecraft:coal":7,"minecraft:cobblestone":4},"minecraft:broken":{"minecraft:wooden_sword":1,"minecraft:iron_sword":1,"minecraft:wooden_axe":1},"minecraft:used":{"minecraft:stone_pickaxe":11,"minecraft:spruce_planks":5,"minecraft:wooden_pickaxe":6,"minecraft:iron_sword":70,"minecraft:chainmail_helmet":1,"minecraft:torch":1,"minecraft:dirt":1,"minecraft:crafting_table":4,"minecraft:cake":1,"minecraft:wooden_axe":89,"minecraft:bread":1,"minecraft:iron_axe":70,"minecraft:cyan_bed":3,"minecraft:spruce_sapling":2,"minecraft:golden_leggings":1,"minecraft:wooden_sword":57,"minecraft:potion":2,"minecraft:sweet_berries":43,"alexsmobs:animal_dictionary":1,"tombstone:gift":2,"minecraft:pumpkin_pie":21,"minecraft:coarse_dirt":1},"minecraft:killed":{"born_in_chaos_v1:zombie_clown":1,"minecraft:husk":11,"minecraft:spider":1,"born_in_chaos_v1:baby_skeleton_minion":1,"minecraft:skeleton":14,"minecraft:zombie":1,"enemyexpansion:botfly":7},"minecraft:dropped":{"minecraft:spruce_sign":2,"alexsmobs:animal_dictionary":1,"minecraft:glass_bottle":3,"tombstone:gift":1,"minecraft:beetroot":3,"minecraft:rotten_flesh":42,"minecraft:cobblestone":1,"luminousworld:blueberry":1,"minecraft:blast_furnace":1,"tombstone:bag_of_seeds":1,"minecraft:torch":1,"minecraft:wooden_axe":3,"luminousworld:groundpebbles_1":11,"born_in_chaos_v1:corpse_maggot":1,"minecraft:birch_door":2,"tombstone:grave_dust":5,"minecraft:pumpkin_pie":4,"minecraft:arrow":4,"minecraft:wooden_pickaxe":2,"minecraft:calcite":6,"minecraft:cyan_carpet":3,"minecraft:spruce_sapling":1,"minecraft:bone":2},"minecraft:killed_by":{"minecraft:husk":4,"undead_revamp2:the_moonflower":1,"minecraft:skeleton":7,"born_in_chaos_v1:siamese_skeletons":1,"minecraft:zombie":1,"undead_revamp2:theheavy":1,"born_in_chaos_v1:dread_hound":1},"minecraft:crafted":{"minecraft:wooden_sword":1,"minecraft:crafting_table":1,"minecraft:spruce_planks":40,"minecraft:wooden_pickaxe":1,"minecraft:iron_sword":1,"minecraft:iron_axe":1,"minecraft:stick":12,"minecraft:stone_pickaxe":1,"minecraft:wooden_axe":2},"minecraft:mined":{"minecraft:spruce_planks":1,"luminousworld:blueberrybush":1,"minecraft:crafting_table":4,"minecraft:blast_furnace":1,"minecraft:grass_block":1,"minecraft:spruce_leaves":26,"minecraft:cyan_bed":4,"minecraft:wall_torch":1,"minecraft:spawner":3,"minecraft:hay_block":9,"minecraft:coarse_dirt":1,"minecraft:furnace":1,"minecraft:sweet_berry_bush":16,"minecraft:spruce_log":42,"luminousworld:mossbuds_3":1,"minecraft:grass":5,"minecraft:bookshelf":14,"minecraft:coal_ore":7,"minecraft:cyan_carpet":4,"minecraft:gray_carpet":1,"minecraft:stone":4,"minecraft:fern":13},"minecraft:custom":{"minecraft:interact_with_furnace":5,"minecraft:mob_kills":38,"minecraft:interact_with_crafting_table":10,"minecraft:open_barrel":19,"minecraft:eat_cake_slice":7,"minecraft:leave_game":3,"minecraft:time_since_death":13204,"minecraft:climb_one_cm":7293,"minecraft:damage_resisted":398,"minecraft:time_since_rest":12560,"minecraft:sprint_one_cm":237540,"minecraft:damage_taken":5738,"minecraft:walk_one_cm":144608,"minecraft:drop":40,"minecraft:damage_dealt":9262,"minecraft:swim_one_cm":10026,"minecraft:fly_one_cm":185422,"minecraft:open_chest":7,"minecraft:crouch_one_cm":564,"minecraft:play_time":60522,"tombstone:undead_killed":28,"minecraft:deaths":16,"minecraft:sneak_time":298,"minecraft:walk_under_water_one_cm":710,"minecraft:interact_with_lectern":1,"minecraft:jump":1016,"minecraft:walk_on_water_one_cm":4329,"minecraft:total_world_time":60522,"minecraft:fall_one_cm":17763}},"DataVersion":3465}