{"stats":{"minecraft:killed_by":{"minecraft:player":1,"enemyexpansion:trollenraged":1,"undead_revamp2:thehunter":2,"minecraft:vindicator":3,"minecraft:zombie":1,"illagerinvasion:marauder":1,"born_in_chaos_v1:dread_hound":1,"iceandfire:fire_dragon":3,"enemyexpansion:invisicreeper":2,"minecraft:vex":12},"minecraft:custom":{"minecraft:mob_kills":70,"minecraft:interact_with_crafting_table":27,"minecraft:open_barrel":30,"minecraft:interact_with_campfire":1,"minecraft:damage_dealt_resisted":146,"minecraft:leave_game":7,"minecraft:time_since_death":6631,"minecraft:climb_one_cm":40886,"minecraft:sprint_one_cm":501070,"minecraft:walk_one_cm":387965,"minecraft:damage_blocked_by_shield":2140,"minecraft:drop":97,"minecraft:talked_to_villager":4,"minecraft:play_time":213593,"minecraft:sneak_time":8851,"minecraft:deaths":31,"minecraft:walk_under_water_one_cm":24914,"minecraft:boat_one_cm":24371,"minecraft:jump":3432,"minecraft:walk_on_water_one_cm":110376,"minecraft:total_world_time":213593,"minecraft:interact_with_furnace":15,"tombstone:raider_killed":16,"minecraft:sleep_in_bed":6,"minecraft:time_since_rest":6466,"minecraft:damage_taken":11291,"minecraft:damage_absorbed":80,"minecraft:trigger_trapped_chest":3,"minecraft:damage_dealt":15492,"minecraft:swim_one_cm":90859,"minecraft:fly_one_cm":626237,"minecraft:open_chest":112,"minecraft:crouch_one_cm":34691,"tombstone:undead_killed":24,"minecraft:inspect_dispenser":2,"minecraft:fall_one_cm":81041},"minecraft:picked_up":{"endrem:magical_eye":1,"luminousworld:groundpebbles_1":2,"minecraft:crafting_table":6,"minecraft:wheat":1,"minecraft:anvil":1,"minecraft:golden_pickaxe":1,"aether:iron_gloves":1,"minecraft:oak_stairs":2,"minecraft:stone_brick_wall":1,"minecraft:golden_shovel":2,"minecraft:infested_stone":40,"minecraft:golden_sword":1,"minecraft:cornflower":7,"minecraft:string":21,"minecraft:raw_copper":6,"quark:spruce_chest":1,"minecraft:gold_nugget":78,"minecraft:cobbled_deepslate":9,"minecraft:bucket":1,"minecraft:spruce_planks":83,"minecraft:iron_nugget":10,"minecraft:spruce_slab":3,"minecraft:birch_sapling":2,"minecraft:furnace":2,"luminousworld:auburnlog":7,"minecraft:stick":26,"minecraft:raw_iron":13,"iceandfire:ghost_chest":1,"minecraft:copper_ingot":1,"minecraft:torch":17,"minecraft:spruce_stairs":3,"quark:blossom_log":3,"minecraft:porkchop":4,"minecraft:golden_axe":1,"minecraft:stone_button":9,"tombstone:grave_dust":7,"minecraft:redstone":4,"minecraft:iron_horse_armor":1,"minecraft:green_terracotta":1,"quark:blossom_planks":8,"minecraft:arrow":6,"luminousworld:white_oak_sapling":2,"minecraft:rotten_flesh":37,"luminousworld:yellow_grassflowers":1,"minecraft:hay_block":2,"minecraft:totem_of_undying":3,"supplementaries:ash":9,"undead_revamp2:arapholia":1,"minecraft:rail":2,"minecraft:cobblestone":150,"born_in_chaos_v1:fused_bone":4,"minecraft:birch_log":1,"born_in_chaos_v1:corpse_maggot":13,"minecraft:lilac":5,"minecraft:filled_map":1,"minecraft:red_mushroom":3,"minecraft:oak_log":82,"minecraft:golden_boots":1,"artifacts:cloud_in_a_bottle":1,"minecraft:gunpowder":1,"minecraft:paper":3,"quark:limestone":5,"minecraft:lapis_lazuli":8,"minecraft:dirt":26,"minecraft:lantern":2,"born_in_chaos_v1:monster_skin":1,"minecraft:orange_terracotta":1,"minecraft:bone":9,"minecraft:apple":1,"minecraft:stone_bricks":7,"minecraft:wheat_seeds":6,"minecraft:raw_gold":10,"minecraft:iron_ingot":2,"minecraft:oak_planks":3,"minecraft:honeycomb":6,"minecraft:book":14,"endrem:lost_eye":1,"iceandfire:copper_nugget":2,"luminousworld:clovers_1":1,"minecraft:cooked_porkchop":1,"minecraft:sweet_berries":36,"minecraft:pumpkin":12,"iceandfire:ash":3,"minecraft:poisonous_potato":1,"minecraft:sand":19,"minecraft:spruce_sapling":33,"minecraft:white_bed":2,"minecraft:spruce_log":60,"minecraft:dark_oak_fence_gate":1,"minecraft:spider_eye":1,"luminousworld:whiteoaklog":13,"minecraft:infested_stone_bricks":54,"minecraft:sugar":4,"minecraft:polished_diorite":1,"minecraft:chainmail_leggings":1,"minecraft:iron_helmet":2,"minecraft:bone_meal":1,"luminousworld:auburn_sapling":2,"minecraft:emerald":10,"minecraft:chainmail_helmet":2,"minecraft:bread":11,"minecraft:oak_sapling":16,"born_in_chaos_v1:rotten_fish":1,"minecraft:coal":65,"iceandfire:raw_silver":3},"minecraft:broken":{"minecraft:iron_boots":1,"minecraft:iron_chestplate":1,"minecraft:shield":1,"minecraft:iron_helmet":1,"minecraft:wooden_axe":1},"minecraft:crafted":{"minecraft:wooden_sword":1,"minecraft:oak_planks":192,"minecraft:spruce_stairs":24,"minecraft:iron_boots":1,"minecraft:iron_axe":1,"tombstone:grave_key":1,"minecraft:spruce_slab":72,"minecraft:stone_pickaxe":1,"quark:spruce_chest":4,"minecraft:wheat":18,"iceandfire:silver_ingot":3,"minecraft:cooked_porkchop":2,"minecraft:crafting_table":1,"minecraft:spruce_planks":232,"minecraft:wooden_pickaxe":1,"minecraft:iron_sword":1,"minecraft:spruce_door":3,"minecraft:bread":18,"minecraft:air":0,"minecraft:oak_boat":1,"minecraft:shield":1,"minecraft:stick":20,"minecraft:iron_pickaxe":1,"minecraft:wooden_axe":1,"minecraft:iron_leggings":1,"minecraft:torch":52},"minecraft:mined":{"minecraft:spruce_planks":21,"minecraft:white_bed":5,"iceandfire:silver_ore":3,"luminousworld:grassvariant_4":4,"luminousworld:autumnleaves":1,"minecraft:sculk_vein":3,"minecraft:brewing_stand":1,"minecraft:grass_block":13,"luminousworld:grassvariant_2":4,"minecraft:spruce_leaves":10,"minecraft:hay_block":2,"minecraft:furnace":2,"minecraft:fire":16,"minecraft:iron_ore":3,"minecraft:green_terracotta":1,"quark:blossom_planks":7,"minecraft:pumpkin":12,"minecraft:anvil":1,"minecraft:sculk_shrieker":2,"minecraft:bookshelf":4,"iceandfire:gold_pile":9,"minecraft:vine":8,"quark:limestone":5,"minecraft:stone":142,"minecraft:spruce_slab":2,"minecraft:deepslate_redstone_ore":1,"minecraft:orange_terracotta":1,"minecraft:crafting_table":5,"minecraft:cornflower":5,"minecraft:torch":11,"minecraft:sculk_sensor":1,"quark:blossom_log":3,"luminousworld:auburnlog":7,"minecraft:tall_grass":2,"minecraft:cobblestone":10,"minecraft:lapis_ore":1,"minecraft:oak_planks":2,"minecraft:sculk":2,"placeablesmod:bread_full_block":1,"minecraft:wall_torch":4,"supplementaries:urn":3,"luminousworld:whiteoaklog":11,"minecraft:spruce_stairs":3,"minecraft:sweet_berry_bush":11,"placeablesmod:iron_ingot_block_1":1,"minecraft:birch_leaves":1,"minecraft:spruce_log":42,"iceandfire:ash":1,"minecraft:grass":18,"minecraft:oak_log":83,"minecraft:coal_ore":62,"quark:spruce_chest":1,"minecraft:sand":19,"minecraft:dirt":13,"luminousworld:grassvariant_3":1,"minecraft:cobweb":24,"minecraft:smooth_basalt":1,"minecraft:stone_bricks":5,"minecraft:gold_ore":10,"minecraft:deepslate":2,"minecraft:oak_leaves":12,"minecraft:fern":2},"minecraft:used":{"minecraft:spruce_slab":51,"minecraft:spruce_planks":191,"minecraft:shield":36,"minecraft:iron_sword":246,"minecraft:torch":84,"endrem:magical_eye":1,"minecraft:dirt":3,"minecraft:anvil":1,"minecraft:spruce_stairs":26,"quark:limestone":5,"minecraft:wooden_axe":61,"quark:spruce_chest":5,"minecraft:birch_sapling":2,"minecraft:iron_axe":214,"iceandfire:ghost_chest":1,"minecraft:stone_bricks":5,"minecraft:sweet_berries":52,"minecraft:oak_sapling":1,"minecraft:furnace":2,"tombstone:gift":2,"undead_revamp2:arapholia":1,"minecraft:orange_terracotta":1,"minecraft:water_bucket":111,"minecraft:spruce_door":1,"minecraft:baked_potato":17,"minecraft:stone_pickaxe":112,"minecraft:oak_planks":104,"minecraft:wooden_pickaxe":26,"luminousworld:yellow_grassflowers":1,"minecraft:golden_apple":1,"minecraft:sand":18,"minecraft:crafting_table":5,"minecraft:white_bed":2,"minecraft:spruce_log":2,"minecraft:oak_log":1,"tombstone:grave_key":4,"minecraft:bread":26,"minecraft:iron_pickaxe":135,"iceandfire:ash":2,"minecraft:spruce_sapling":3,"minecraft:wooden_sword":36,"tombstone:familiar_stone":6,"minecraft:cobblestone":31,"born_in_chaos_v1:rotten_fish":1,"minecraft:cooked_porkchop":3,"minecraft:bucket":112,"minecraft:oak_boat":1,"minecraft:chainmail_leggings":1},"minecraft:killed":{"illagerinvasion:archivist":2,"minecraft:vex":6,"minecraft:cave_spider":2,"undead_revamp2:thehunter":2,"minecraft:vindicator":7,"minecraft:spider":3,"illagerinvasion:marauder":4,"undead_revamp2:bomber":1,"born_in_chaos_v1:siamese_skeletonsright":1,"born_in_chaos_v1:zombie_bruiser":3,"illagerinvasion:basher":3,"born_in_chaos_v1:maggot":3,"minecraft:skeleton":2,"minecraft:drowned":4,"born_in_chaos_v1:corpse_fish":2,"undead_revamp2:sucker":2,"minecraft:pig":2,"undead_revamp2:the_moonflower":2,"enemyexpansion:troll":1,"minecraft:zombie":4,"iceandfire:ghost":1,"born_in_chaos_v1:corpse_fly":5,"born_in_chaos_v1:door_knight":1,"born_in_chaos_v1:siamese_skeletonsleft":1,"mowziesmobs:naga":1},"minecraft:dropped":{"minecraft:enchanted_book":1,"minecraft:golden_boots":1,"minecraft:bread":9,"minecraft:brown_mushroom":2,"minecraft:wheat_seeds":3,"minecraft:oak_log":1,"minecraft:golden_pickaxe":1,"minecraft:ender_pearl":1,"minecraft:crafting_table":1,"minecraft:poisonous_potato":1,"minecraft:golden_axe":1,"minecraft:iron_helmet":3,"minecraft:lantern":2,"minecraft:honeycomb":3,"endrem:lost_eye":1,"minecraft:spruce_stairs":1,"minecraft:rail":2,"minecraft:chainmail_helmet":3,"minecraft:red_mushroom":3,"minecraft:stick":2,"minecraft:dirt":2,"minecraft:stone_button":9,"minecraft:cornflower":1,"tombstone:grave_key":1,"born_in_chaos_v1:fused_bone":4,"tombstone:grave_dust":5,"minecraft:oak_stairs":2,"minecraft:bone_meal":1,"iceandfire:ash":1,"minecraft:sugar":2,"minecraft:birch_log":1,"minecraft:spruce_sapling":3,"minecraft:cobbled_deepslate":3,"minecraft:wheat":2,"tombstone:gift":2,"minecraft:rotten_flesh":37,"minecraft:golden_shovel":1,"minecraft:totem_of_undying":1,"minecraft:dark_oak_fence_gate":1,"minecraft:infested_stone_bricks":54,"supplementaries:ash":9,"endrem:magical_eye":1,"aether:iron_gloves":1,"born_in_chaos_v1:corpse_maggot":10,"minecraft:spruce_planks":3,"minecraft:iron_chestplate":1,"minecraft:melon_seeds":3,"minecraft:stone_brick_wall":1,"minecraft:oak_sapling":1,"minecraft:infested_stone":40,"minecraft:golden_sword":1,"minecraft:spider_eye":1,"minecraft:stone_bricks":2,"minecraft:arrow":6}},"DataVersion":3465}