{"stats":{"minecraft:crafted":{"minecraft:oak_planks":24,"iceandfire:silver_ingot":2,"minecraft:cooked_porkchop":2,"minecraft:crafting_table":1,"minecraft:spruce_planks":36,"minecraft:wooden_pickaxe":1,"minecraft:spruce_door":3,"minecraft:bread":12,"minecraft:air":0,"minecraft:iron_axe":1,"minecraft:stick":12,"minecraft:iron_pickaxe":1,"minecraft:stone_pickaxe":1,"minecraft:wooden_axe":1},"minecraft:custom":{"minecraft:interact_with_furnace":9,"minecraft:mob_kills":20,"minecraft:interact_with_crafting_table":11,"minecraft:interact_with_campfire":1,"minecraft:leave_game":3,"minecraft:time_since_death":31950,"minecraft:sleep_in_bed":2,"minecraft:climb_one_cm":18173,"minecraft:time_since_rest":19488,"minecraft:sprint_one_cm":206724,"minecraft:damage_taken":2829,"minecraft:walk_one_cm":137318,"minecraft:drop":29,"minecraft:damage_dealt":5161,"minecraft:swim_one_cm":24279,"minecraft:talked_to_villager":2,"minecraft:fly_one_cm":287869,"minecraft:play_time":80510,"minecraft:open_chest":26,"minecraft:crouch_one_cm":7513,"minecraft:sneak_time":1927,"tombstone:undead_killed":12,"minecraft:deaths":6,"minecraft:walk_under_water_one_cm":4607,"minecraft:jump":1317,"minecraft:walk_on_water_one_cm":14456,"minecraft:total_world_time":80510,"minecraft:fall_one_cm":28432},"minecraft:mined":{"minecraft:white_bed":2,"iceandfire:silver_ore":3,"luminousworld:autumnleaves":1,"minecraft:crafting_table":4,"minecraft:cornflower":4,"minecraft:torch":3,"minecraft:grass_block":1,"quark:blossom_log":3,"luminousworld:grassvariant_2":2,"minecraft:tall_grass":2,"minecraft:cobblestone":5,"minecraft:spruce_leaves":5,"minecraft:lapis_ore":1,"minecraft:sculk":2,"placeablesmod:bread_full_block":1,"minecraft:wall_torch":2,"luminousworld:whiteoaklog":11,"minecraft:spruce_stairs":1,"minecraft:furnace":2,"minecraft:sweet_berry_bush":11,"minecraft:spruce_log":11,"quark:blossom_planks":2,"minecraft:vine":2,"minecraft:grass":14,"minecraft:bookshelf":4,"minecraft:oak_log":12,"minecraft:coal_ore":61,"iceandfire:gold_pile":9,"minecraft:dirt":1,"luminousworld:grassvariant_3":1,"minecraft:cobweb":2,"minecraft:smooth_basalt":1,"minecraft:stone":125,"minecraft:oak_leaves":1,"minecraft:fern":2},"minecraft:killed":{"minecraft:pig":2,"undead_revamp2:thehunter":1,"undead_revamp2:the_moonflower":2,"minecraft:spider":2,"born_in_chaos_v1:siamese_skeletonsright":1,"born_in_chaos_v1:zombie_bruiser":2,"born_in_chaos_v1:maggot":1,"minecraft:zombie":3,"iceandfire:ghost":1,"born_in_chaos_v1:corpse_fish":2,"undead_revamp2:sucker":1,"born_in_chaos_v1:siamese_skeletonsleft":1,"mowziesmobs:naga":1},"minecraft:broken":{"minecraft:wooden_axe":1},"minecraft:dropped":{"minecraft:wheat_seeds":2,"minecraft:oak_log":1,"minecraft:wheat":2,"tombstone:gift":1,"minecraft:iron_helmet":2,"minecraft:rotten_flesh":18,"minecraft:lantern":2,"minecraft:honeycomb":3,"minecraft:spruce_stairs":1,"minecraft:dark_oak_fence_gate":1,"minecraft:stick":2,"aether:iron_gloves":1,"minecraft:stone_button":9,"tombstone:grave_key":1,"minecraft:iron_chestplate":1,"minecraft:stone_brick_wall":1,"born_in_chaos_v1:fused_bone":4,"minecraft:bone_meal":1,"minecraft:oak_stairs":2,"minecraft:stone_bricks":2,"minecraft:birch_log":1,"minecraft:spruce_sapling":1},"minecraft:used":{"minecraft:spruce_door":1,"minecraft:stone_pickaxe":112,"minecraft:oak_planks":4,"minecraft:wooden_pickaxe":26,"minecraft:iron_sword":88,"minecraft:torch":7,"minecraft:dirt":2,"minecraft:crafting_table":4,"minecraft:white_bed":1,"minecraft:spruce_log":2,"minecraft:wooden_axe":61,"minecraft:iron_axe":2,"minecraft:iron_pickaxe":79,"minecraft:bread":14,"minecraft:spruce_sapling":1,"minecraft:cobblestone":30,"minecraft:sweet_berries":41,"minecraft:furnace":2,"minecraft:cooked_porkchop":3,"tombstone:gift":1,"undead_revamp2:arapholia":1},"minecraft:killed_by":{"undead_revamp2:thehunter":2,"born_in_chaos_v1:dread_hound":1,"iceandfire:fire_dragon":1},"minecraft:picked_up":{"born_in_chaos_v1:fused_bone":4,"minecraft:birch_log":1,"luminousworld:groundpebbles_1":1,"minecraft:crafting_table":4,"minecraft:wheat":1,"minecraft:lilac":5,"aether:iron_gloves":1,"minecraft:oak_stairs":2,"minecraft:stone_brick_wall":1,"minecraft:oak_log":14,"minecraft:lapis_lazuli":8,"minecraft:string":2,"minecraft:cornflower":6,"minecraft:dirt":2,"minecraft:lantern":2,"minecraft:bone":1,"minecraft:stone_bricks":2,"minecraft:wheat_seeds":5,"minecraft:gold_nugget":78,"minecraft:cobbled_deepslate":3,"minecraft:spruce_planks":1,"minecraft:oak_planks":1,"minecraft:honeycomb":6,"minecraft:furnace":2,"minecraft:book":12,"minecraft:stick":2,"iceandfire:copper_nugget":2,"minecraft:cooked_porkchop":1,"minecraft:sweet_berries":36,"minecraft:torch":6,"minecraft:spruce_stairs":1,"quark:blossom_log":3,"minecraft:porkchop":4,"minecraft:stone_button":9,"minecraft:spruce_sapling":5,"tombstone:grave_dust":2,"minecraft:white_bed":1,"minecraft:spruce_log":11,"quark:blossom_planks":3,"minecraft:dark_oak_fence_gate":1,"luminousworld:whiteoaklog":13,"luminousworld:white_oak_sapling":2,"minecraft:rotten_flesh":18,"minecraft:bone_meal":1,"minecraft:bread":4,"born_in_chaos_v1:rotten_fish":1,"undead_revamp2:arapholia":1,"minecraft:coal":54,"iceandfire:raw_silver":3,"minecraft:cobblestone":136}},"DataVersion":3465}