{"stats":{"minecraft:crafted":{"minecraft:oak_planks":24,"minecraft:iron_axe":1,"minecraft:stone_pickaxe":1,"quark:spruce_chest":4,"minecraft:cooked_porkchop":2,"iceandfire:silver_ingot":3,"minecraft:crafting_table":1,"minecraft:spruce_planks":36,"minecraft:wooden_pickaxe":1,"minecraft:spruce_door":3,"minecraft:bread":12,"minecraft:air":0,"minecraft:stick":12,"minecraft:iron_pickaxe":1,"minecraft:wooden_axe":1,"minecraft:torch":8},"minecraft:custom":{"minecraft:mob_kills":24,"minecraft:interact_with_crafting_table":14,"minecraft:interact_with_campfire":1,"minecraft:leave_game":4,"minecraft:time_since_death":42851,"minecraft:climb_one_cm":18173,"minecraft:sprint_one_cm":222547,"minecraft:walk_one_cm":164799,"minecraft:drop":30,"minecraft:talked_to_villager":2,"minecraft:play_time":91411,"minecraft:deaths":6,"minecraft:sneak_time":2135,"minecraft:walk_under_water_one_cm":4760,"minecraft:jump":1497,"minecraft:walk_on_water_one_cm":14675,"minecraft:total_world_time":91411,"minecraft:interact_with_furnace":10,"minecraft:sleep_in_bed":4,"minecraft:time_since_rest":3497,"minecraft:damage_taken":3087,"minecraft:damage_dealt":5765,"minecraft:swim_one_cm":27937,"minecraft:fly_one_cm":301768,"minecraft:open_chest":36,"minecraft:crouch_one_cm":8114,"tombstone:undead_killed":14,"minecraft:fall_one_cm":31604},"minecraft:mined":{"minecraft:white_bed":5,"iceandfire:silver_ore":3,"luminousworld:grassvariant_4":1,"luminousworld:autumnleaves":1,"minecraft:grass_block":1,"luminousworld:grassvariant_2":2,"minecraft:spruce_leaves":5,"minecraft:furnace":2,"quark:blossom_planks":2,"minecraft:bookshelf":4,"iceandfire:gold_pile":9,"minecraft:vine":2,"minecraft:stone":140,"minecraft:crafting_table":4,"minecraft:cornflower":4,"minecraft:torch":3,"quark:blossom_log":3,"minecraft:tall_grass":2,"minecraft:cobblestone":5,"minecraft:lapis_ore":1,"minecraft:sculk":2,"placeablesmod:bread_full_block":1,"minecraft:wall_torch":3,"luminousworld:whiteoaklog":11,"minecraft:spruce_stairs":1,"minecraft:sweet_berry_bush":11,"minecraft:spruce_log":11,"minecraft:grass":16,"minecraft:coal_ore":61,"minecraft:oak_log":27,"quark:spruce_chest":1,"minecraft:dirt":1,"luminousworld:grassvariant_3":1,"minecraft:cobweb":2,"minecraft:smooth_basalt":1,"minecraft:oak_leaves":6,"minecraft:fern":2},"minecraft:killed":{"undead_revamp2:thehunter":1,"minecraft:spider":2,"born_in_chaos_v1:siamese_skeletonsright":1,"born_in_chaos_v1:zombie_bruiser":2,"born_in_chaos_v1:maggot":1,"minecraft:drowned":2,"born_in_chaos_v1:corpse_fish":2,"undead_revamp2:sucker":1,"minecraft:pig":2,"undead_revamp2:the_moonflower":2,"minecraft:zombie":3,"iceandfire:ghost":1,"born_in_chaos_v1:corpse_fly":2,"born_in_chaos_v1:siamese_skeletonsleft":1,"mowziesmobs:naga":1},"minecraft:broken":{"minecraft:wooden_axe":1},"minecraft:dropped":{"minecraft:wheat_seeds":3,"minecraft:oak_log":1,"minecraft:iron_helmet":2,"minecraft:lantern":2,"minecraft:honeycomb":3,"minecraft:spruce_stairs":1,"minecraft:stick":2,"minecraft:stone_button":9,"tombstone:grave_key":1,"born_in_chaos_v1:fused_bone":4,"minecraft:oak_stairs":2,"minecraft:bone_meal":1,"minecraft:birch_log":1,"minecraft:spruce_sapling":1,"minecraft:wheat":2,"tombstone:gift":1,"minecraft:rotten_flesh":18,"minecraft:dark_oak_fence_gate":1,"aether:iron_gloves":1,"minecraft:iron_chestplate":1,"minecraft:stone_brick_wall":1,"minecraft:stone_bricks":2},"minecraft:killed_by":{"undead_revamp2:thehunter":2,"born_in_chaos_v1:dread_hound":1,"iceandfire:fire_dragon":1},"minecraft:used":{"minecraft:iron_sword":103,"minecraft:torch":11,"minecraft:dirt":2,"minecraft:wooden_axe":61,"quark:spruce_chest":5,"minecraft:iron_axe":23,"minecraft:sweet_berries":52,"minecraft:furnace":2,"tombstone:gift":1,"undead_revamp2:arapholia":1,"minecraft:spruce_door":1,"minecraft:stone_pickaxe":112,"minecraft:oak_planks":4,"minecraft:wooden_pickaxe":26,"minecraft:crafting_table":4,"minecraft:white_bed":2,"minecraft:spruce_log":2,"minecraft:bread":14,"minecraft:iron_pickaxe":94,"minecraft:spruce_sapling":1,"minecraft:cobblestone":30,"born_in_chaos_v1:rotten_fish":1,"minecraft:cooked_porkchop":3,"minecraft:chainmail_leggings":1},"minecraft:picked_up":{"luminousworld:groundpebbles_1":1,"minecraft:crafting_table":4,"minecraft:wheat":1,"aether:iron_gloves":1,"minecraft:oak_stairs":2,"minecraft:stone_brick_wall":1,"minecraft:cornflower":6,"minecraft:string":2,"quark:spruce_chest":1,"minecraft:gold_nugget":78,"minecraft:cobbled_deepslate":3,"minecraft:spruce_planks":65,"minecraft:furnace":2,"minecraft:stick":2,"minecraft:torch":7,"minecraft:spruce_stairs":1,"minecraft:porkchop":4,"quark:blossom_log":3,"minecraft:stone_button":9,"tombstone:grave_dust":2,"quark:blossom_planks":3,"luminousworld:white_oak_sapling":2,"minecraft:rotten_flesh":18,"undead_revamp2:arapholia":1,"minecraft:cobblestone":148,"born_in_chaos_v1:fused_bone":4,"minecraft:birch_log":1,"born_in_chaos_v1:corpse_maggot":3,"minecraft:lilac":5,"minecraft:oak_log":29,"minecraft:lapis_lazuli":8,"minecraft:dirt":2,"minecraft:lantern":2,"minecraft:bone":1,"minecraft:stone_bricks":2,"minecraft:wheat_seeds":6,"minecraft:honeycomb":6,"minecraft:oak_planks":1,"minecraft:book":12,"iceandfire:copper_nugget":2,"luminousworld:clovers_1":1,"minecraft:cooked_porkchop":1,"minecraft:sweet_berries":36,"minecraft:spruce_sapling":5,"minecraft:white_bed":2,"minecraft:spruce_log":11,"minecraft:dark_oak_fence_gate":1,"luminousworld:whiteoaklog":13,"minecraft:chainmail_leggings":1,"minecraft:bone_meal":1,"minecraft:bread":4,"born_in_chaos_v1:rotten_fish":1,"minecraft:coal":54,"iceandfire:raw_silver":3}},"DataVersion":3465}