{"stats":{"minecraft:used":{"iceandfire:chared_grass":1,"tombstone:gift":2,"minecraft:spruce_sapling":8},"minecraft:mined":{"luminousworld:whiteoaklog":7,"luminousworld:whiteoakleaves":1,"minecraft:fire":1,"minecraft:spruce_leaves":1,"minecraft:spruce_log":6,"minecraft:oak_leaves":2,"iceandfire:chared_grass":1},"minecraft:picked_up":{"luminousworld:whiteoaklog":7,"luminousworld:groundpebbles_1":2,"minecraft:stick":4,"luminousworld:white_oak_sapling":2,"luminousworld:grassflowers":1,"minecraft:copper_ingot":1,"iceandfire:chared_grass":1,"minecraft:spruce_sapling":8,"minecraft:spruce_log":35,"minecraft:cornflower":1,"minecraft:feather":4},"minecraft:killed_by":{"minecraft:skeleton":1,"undead_revamp2:sucker":1,"iceandfire:fire_dragon":1},"minecraft:custom":{"minecraft:time_since_rest":298,"minecraft:crouch_one_cm":844,"minecraft:sprint_one_cm":49625,"minecraft:play_time":11527,"minecraft:damage_taken":770,"minecraft:deaths":3,"minecraft:walk_one_cm":10445,"minecraft:sneak_time":967,"minecraft:walk_under_water_one_cm":350,"minecraft:drop":2,"minecraft:jump":323,"minecraft:walk_on_water_one_cm":156,"minecraft:leave_game":2,"minecraft:time_since_death":1211,"minecraft:total_world_time":11527,"minecraft:fall_one_cm":9420,"minecraft:fly_one_cm":81734,"minecraft:open_chest":5},"minecraft:dropped":{"tombstone:grave_dust":1,"tombstone:grave_key":1}},"DataVersion":3465}