{"stats":{"minecraft:custom":{"minecraft:time_since_rest":1,"minecraft:open_chest":3,"minecraft:crouch_one_cm":278,"minecraft:sprint_one_cm":19613,"minecraft:play_time":6998,"minecraft:walk_one_cm":5319,"minecraft:damage_taken":530,"minecraft:deaths":2,"minecraft:sneak_time":541,"minecraft:drop":2,"minecraft:jump":145,"minecraft:leave_game":1,"minecraft:time_since_death":802,"minecraft:total_world_time":6998,"minecraft:fall_one_cm":4282,"minecraft:fly_one_cm":35396},"minecraft:mined":{"luminousworld:whiteoaklog":7,"luminousworld:whiteoakleaves":1,"minecraft:fire":1,"minecraft:oak_leaves":2},"minecraft:dropped":{"tombstone:grave_dust":1,"tombstone:grave_key":1},"minecraft:used":{"tombstone:gift":2},"minecraft:killed_by":{"minecraft:skeleton":1,"iceandfire:fire_dragon":1},"minecraft:picked_up":{"luminousworld:white_oak_sapling":2,"luminousworld:whiteoaklog":7}},"DataVersion":3465}